Name,Address,Phone,Website,Emails
Miami Realty Solution Group,"
90 SW 3rd St CU3, Miami, FL 33130, United States",13057280840,http://miamirealtysolution.com/,jayroy@miamirealtysolution.com
"Florida Realty Of Miami, Corp.","
9415 Sunset Dr #236, Miami, FL 33173, United States",13055985488,https://www.floridarealtyofmiami.com/,reception@floridarealtyofmiami.com
Properties Miami,"
637 SW 3rd St APT 306, Miami, FL 33130, United States",17865054939,https://propertiesmiami.com/,info@propertiesmiami.com
David Freed Realtor | Miami Is Home | Keller Williams Realty,"
45 SW 9th St Apt 3006, Miami, FL 33130, United States",19542638115,https://miamishome.com/?utm_source=gbp&utm_medium=organic,DAVIDFREED@KW.COM
Chariff Realty Group Commercial Miami Real Estate,"
5801 Biscayne Blvd, Miami, FL 33137, United States",13055767474,http://www.chariff.com/,
Lauren Hershey - CRR REALTY,"
1200 Brickell Ave Suite #700, Miami, FL 33130, United States",17085399319,https://www.laurenhershey.com/,
LG Realty Group Inc. Miami Luxury Real Estate,"
3250 NE 1st Ave Unit 305, Miami, FL 33137, United States",13058906226,https://www.lgrealtygroup.com/,info@lgrealtygroup.com
Avanti Way Realty Brickell,"
444 Brickell Ave Office P32, Miami, FL 33131, United States",13057339741,https://avantiway.com/brickell/,marceloquiroga@avantiway.com
Avanti Way Realty Brickell,"
444 Brickell Ave Office P32, Miami, FL 33131, United States",13057339741,https://avantiway.com/brickell/,marceloquiroga@avantiway.com
"Sebastian Acosta, Realtor in Miami ️","
800 Brickell Ave Suite 525, Miami, FL 33131, United States",13052446222,http://www.sebastianacosta.com/,sacosta@onesothebysrealty.com
The World Realty,"
1221 Brickell Ave Suite 900, Miami, FL 33131, United States",13057609121,https://www.aleksandramarzec.com/,alek@aleksandrateam.com
The World Realty,"
1221 Brickell Ave Suite 900, Miami, FL 33131, United States",13057609121,https://www.aleksandramarzec.com/,alek@aleksandrateam.com
Eric Farmelant - COMPASS,"
2550 S Bayshore Dr STE 106, Miami, FL 33133, United States",19548503905,http://www.ericfarmelant.com/,eric.farmelant@compass.com
Aleksandra Marzec,"
1221 Brickell Ave Suite 900, Miami, FL 33131, United States",13057609121,http://www.aleksandramarzec.com/,alek@aleksandrateam.com
DREAM LAND GROUP REAL ESTATE,"
1100 Brickell Bay Dr, Miami, FL 33131, United States",13054175859,https://www.facebook.com/miamirealestateopportunities/,Miamiopportunitiesre@gmail.com
Real Brokers Miami – Real Estate Broker & Concierge,"
601 Brickell Key Dr #700, Miami, FL 33131, United States",13054239551,https://realbrokersmiami.com/,info@realbrokers.miami
Midtown Miami Realty,"
121 NE 34th St, Miami, FL 33137, United States",13053024941,http://www.midtownmiamirealty.com/,
Eric Farmelant - COMPASS,"
2550 S Bayshore Dr STE 106, Miami, FL 33133, United States",19548503905,http://www.ericfarmelant.com/,eric.farmelant@compass.com
Amistad Real Estate Miami,"
7951 Bird Rd # 208, Miami, FL 33155, United States",17862446844,http://www.amistadrealestate.com/,Raphael@amistadrealestate.com
Matt Lill - Luxury Real Estate Agent - Corcoran Miami Beach - South Florida Expert,"
1688 Meridian Ave Ste 400, Miami Beach, FL 33139, United States",17867695025,https://www.mattlill.com/,MATT.LILL@CORCORAN.COM
Real Brokers Miami – Real Estate Broker & Concierge,"
601 Brickell Key Dr #700, Miami, FL 33131, United States",13054239551,https://realbrokersmiami.com/,info@realbrokers.miami
Best Realty Of Miami,"
2474 SW 137th Ave, Miami, FL 33175, United States",17867125291,https://www.bestrealtyofmiami.com/,carlos@bestrealtyofmiami.com
"Louis Urbina, PA - Realtor Associate at Avanti Way Realty in Miami, FL","
444 Brickell Ave P32, Miami, FL 33131, United States",17863557423,http://www.miacitylife.com/,miacitylife.re@gmail.com
Nelson Gonzalez | Miami Beach Luxury Real Estate,"
419 Arthur Godfrey Rd, Miami Beach, FL 33140, United States",13056744040,http://www.nelsongonzalez.com/,
Riley Smith Group | Best Miami Realtors,"
2550 S Bayshore Dr STE 106, Miami, FL 33133, United States",13053421623,https://rileysmithgroup.com/,
Guillermo Teran Group Real Estate,"
444 Brickell Ave Office P32, Miami, FL 33131, United States",13054579609,https://www.gteran.com/,gteran@avantiway.com
Equity Real Estate South Florida,"
8950 SW 74th Ct Suite 2201, Miami, FL 33156, United States",17862816026,https://soflorida.equityrealestateusa.com/,
Real Brokers Miami – Real Estate Broker & Concierge,"
601 Brickell Key Dr #700, Miami, FL 33131, United States",13054239551,https://realbrokersmiami.com/,info@realbrokers.miami
"Beautiful Miami Team, Kathrin Rein PA","
2550 SW 27th Ave APT 101, Miami, FL 33133, United States",13057356939,http://www.beautifulmiami.com/,sellmiamiwithme@gmail.com
Best Realty Of Miami,"
2474 SW 137th Ave, Miami, FL 33175, United States",17867125291,https://www.bestrealtyofmiami.com/,carlos@bestrealtyofmiami.com
"Louis Urbina, PA - Realtor Associate at Avanti Way Realty in Miami, FL","
444 Brickell Ave P32, Miami, FL 33131, United States",17863557423,http://www.miacitylife.com/,miacitylife.re@gmail.com
Nelson Gonzalez | Miami Beach Luxury Real Estate,"
419 Arthur Godfrey Rd, Miami Beach, FL 33140, United States",13056744040,http://www.nelsongonzalez.com/,
Riley Smith Group | Best Miami Realtors,"
2550 S Bayshore Dr STE 106, Miami, FL 33133, United States",13053421623,https://rileysmithgroup.com/,
Guillermo Teran Group Real Estate,"
444 Brickell Ave Office P32, Miami, FL 33131, United States",13054579609,https://www.gteran.com/,gteran@avantiway.com
Equity Real Estate South Florida,"
8950 SW 74th Ct Suite 2201, Miami, FL 33156, United States",17862816026,https://soflorida.equityrealestateusa.com/,
Miami Real Estate - Jack Coden Group,"
700 NE 90th St, Miami, FL 33138, United States",13057425225,http://www.jackcodengroup.com/,
Miami Realtor Services | Jocsan Lopez,"
5555 Biscayne Blvd # 302, Miami, FL 33137, United States",17863261198,https://miamirealtyagent.com/,
SF Real Estate. US,"
1110 Brickell Ave, Miami, FL 33131, United States",17864431449,https://www.sfrealestate.us/,hello@sfrealestate.us
Blackbook Properties,"
1900 N Bayshore Dr Suite 1A #103, Miami, FL 33132, United States",17864002296,https://www.condoblackbook.com/,
Abner Realty,"
690 SW 1st Ct, Miami, FL 33130, United States",13052227513,http://www.abnerglobal.com/,info@abnerglobal.com
Cervera Real Estate Inc | Headquarters,"
1450 S Miami Ave, Miami, FL 33130, United States",13053743434,http://www.cervera.com/,info@cervera.com
"Charter Club Realty, Inc.","
600 NE 36th St STE C2, Miami, FL 33137, United States",13055766252,http://charterclubrealty.com/,bayagent1@gmail.com
"Jose Luis Herrera - Realtor | Broker, Miami Office","
2470 NW 102nd Pl # 107, Doral, FL 33172, United States",17863320991,https://realtygroup.miami/,joseluis@realtygroup.miami
Joe Biscaha - Joe Sells Miami - Compass,"
605 Lincoln Rd 7th floor, Miami Beach, FL 33139, United States",17868819894,http://joesellsmiami.com/?utm_campaign=gmb,joe@joesellsmiami.com
Joe Biscaha - Joe Sells Miami - Compass,"
605 Lincoln Rd 7th floor, Miami Beach, FL 33139, United States",17868819894,http://joesellsmiami.com/?utm_campaign=gmb,joe@joesellsmiami.com
London Foster Realty Dadeland,"
9001 SW 73rd Ct, Miami, FL 33156, United States",18445663663,http://www.joinlondonfoster.com/,"Bobby@LondonFoster.com, compliance@londonfoster.com"
London Foster Realty Dadeland,"
9001 SW 73rd Ct, Miami, FL 33156, United States",18445663663,http://www.joinlondonfoster.com/,"Bobby@LondonFoster.com, compliance@londonfoster.com"
London Foster Realty Dadeland,"
9001 SW 73rd Ct, Miami, FL 33156, United States",18445663663,http://www.joinlondonfoster.com/,"Bobby@LondonFoster.com, compliance@londonfoster.com"
Smart Miami Realty LLC,"
9831 NW 58th St UNIT 141, Doral, FL 33178, United States",17863006180,https://smartmiamirealty.com/,
"Manuel E Gonzalez, PA- Florida Realty Miami","
9415 SW 72nd St #236, Miami, FL 33173, United States",13056768543,http://www.miamiarearealestateinfo.com/,myhome@manuelgonzalez.realtor
Sorymar Castillo | Your Favorite Miami Realtor,"
999 Brickell Ave Ste. 840, Miami, FL 33131, United States",17868182081,http://sorymar.kw.com/,
London Foster,"
407 Lincoln Rd #10G, Miami Beach, FL 33139, United States",18445663663,http://www.joinlondonfoster.com/,"Bobby@LondonFoster.com, compliance@londonfoster.com"
"Abraham Ash, Realtor","
495 Brickell Ave # 521, Miami, FL 33131, United States",13055869734,http://abescondos.com/,Abe@AbeAshMiami.com
Cervera Real Estate Inc | Headquarters,"
1450 S Miami Ave, Miami, FL 33130, United States",13053743434,http://www.cervera.com/,info@cervera.com
Miami Realtor Patricia Vega,"
8660 W Flagler St # 205, Miami, FL 33144, United States",13057731631,https://southfloridaoffmarket.com/,
SidSidan.RealEstate,"
801 Brickell Ave Lobby Office, Miami, FL 33131, United States",13058900145,http://www.sid.realestate/,SID.SIDAN@ELLIMAN.COM
Joe Biscaha - Joe Sells Miami - Compass,"
605 Lincoln Rd 7th floor, Miami Beach, FL 33139, United States",17868819894,http://joesellsmiami.com/?utm_campaign=gmb,joe@joesellsmiami.com
Joe Biscaha - Joe Sells Miami - Compass,"
605 Lincoln Rd 7th floor, Miami Beach, FL 33139, United States",17868819894,http://joesellsmiami.com/?utm_campaign=gmb,joe@joesellsmiami.com
Sarah Desamours - Miami Real Estate - SD Group At Compass,"
2550 S Bayshore Dr STE 106, Miami, FL 33133, United States",13053636055,https://sdgroupmiami.com/?utm_source=gbp&utm_medium=organic,
Gravity Real Estate | Top Miami Realtors,"
1390 S Dixie Hwy Suite 2218, Coral Gables, FL 33146, United States",13057262100,http://www.gravityrealestate.com/,Info@GravityRealEstate.com
"Milton Andrade, REALTOR - Compass","
1655 SW 18th St, Miami, FL 33145, United States",17855303942,http://www.polarisadvisorsgroup.com/,polarisadvisors@compass.com
Smart Miami Realty LLC,"
9831 NW 58th St UNIT 141, Doral, FL 33178, United States",17863006180,https://smartmiamirealty.com/,
Marcelo Steinmander P.A | Miami Beach Real Estate Agent,"
419 Arthur Godfrey Rd, Miami Beach, FL 33140, United States",13056744127,https://marcelosteinmander.com/,MARCELO@MARCELOSTEINMANDER.COM
APEX Capital Realty,"
561 NE 79th St Suite 420, Miami, FL 33138, United States",13055702600,http://apexcapitalrealty.com/,info@apexcapitalrealty.com
ONE Sotheby's International Realty,"
800 Brickell Ave Suite 525, Miami, FL 33131, United States",13058593824,https://www.onesothebysrealty.com/,
"Matt McMillan, Realtor in Miami Beach - Coldwell Banker","
1682 Jefferson Ave, Miami Beach, FL 33139, United States",13057758269,https://www.mcmillanre.com/,matt@mcmillanrealty.net
Howard Chase Real Estate,"
1354 Washington Ave, Miami Beach, FL 33139, United States",13055327470,http://www.howardchaserealestate.com/,howard@howardchaserealestate.com
Interinvestments Realty,"
790 NW 107th Ave Suite 107, Miami, FL 33172, United States",13052201101,http://interinvestments.group/,emilio@interinvestments.group
"JMC Real Estate Miami, Jorge Martinez de Castro, Licensed Real Estate Broker","
9100 S Dadeland Blvd suite 1500, Miami, FL 33156, United States",13055105589,http://www.jmc.realestate/,team@jmc.realestate
Dream Life Realty,"
1701 Ponce de Leon #206, Coral Gables, FL 33134, United States",13057280840,https://dreamliferlty.com/,
The Branco Team - Miami Realtors,"
2125 Biscayne Blvd Suite 348, Miami, FL 33137, United States",13054075351,http://www.flahomesource.com/,
"Jonathan Quintana, P.A","
3252 SW 2nd St, Miami, FL 33135, United States",13058011893,http://realtorjonny.com/,
Adrian Burke Luxury Real Estate | Sotheby's Realty,"
119 Washington Ave Suite 102, Miami Beach, FL 33139, United States",13053974733,https://adrianknowsmiamiluxury.com/,ABURKE@ONESOTHEBYSREALTY.COM
Miami Grand Realty INC,"
6855 SW 81st St, Miami, FL 33143, United States",19545403455,http://www.miamigrandrealty.com/,
"IQ Real Estate, LLC","
1925 Brickell Ave STE D205, Miami, FL 33129, United States",17865309371,http://www.iqrealestatellc.com/,isabella@iqrealestatellc.com
Jessica Bazan - Miami Real Estate,"
700 NE 90th St, Miami, FL 33138, United States",17862135333,http://www.jessicabazanmiami.com/,jessicabazan@me.com
Miami Real Estate Agency,"
930 Washington Ave SUITE 203, Miami Beach, FL 33139, United States",17863228399,https://miamirealestate.agency/,
Stefania Mogollon,"
79 SW 12th St APT 1706, Miami, FL 33130, United States",13053067205,http://www.stefaniamogollon.com/,info@stefaniamogollon.com
Miami Real Estate Trends,"
110 Washington Ave, Miami Beach, FL 33139, United States",13055716319,https://miamirealestatetrends.com/,
Fortune Real Estate Services,"
801 Brickell Bay Dr APT 1966, Miami, FL 33131, United States",13055874200,http://www.fortunerealestateservices.com/,Accessibility@incomrealestate.com
Redland Realty and Auction,"
13200 SW 128th St Unit F1, Miami, FL 33186, United States",13053877777,http://www.redlandrealtyandauction.com/,info@auctionrec.com
Address Real Estate LLC,"
55 Merrick Way Suite 202A- 2, Coral Gables, FL 33134, United States",17866648661,http://www.addressmiami.com/,addressmiami@gmail.com
BARNES Miami,"
1150 SW 22nd St, Miami, FL 33129, United States",13053612233,https://www.barnes-miami.com/,
The Portal Team brokered by EXP Realty,"
7260 SW 39th Terrace Suite A, Miami, FL 33155, United States",13056151061,http://www.portalre.com/,
"Miami Metro Realty, LLC","
1535 SW 87th Ave, Miami, FL 33174, United States",13057074546,http://www.miamimetrorealty.com/,
Adrian Burke Luxury Real Estate | Sotheby's Realty,"
119 Washington Ave Suite 102, Miami Beach, FL 33139, United States",13053974733,https://adrianknowsmiamiluxury.com/,ABURKE@ONESOTHEBYSREALTY.COM
"Tony Scornavacca, Grove Properties","
3936 Main Hwy, Coconut Grove, FL 33133, United States",13052837112,http://brokertony.com/,
COSMORE - Real Estate Agency,"
1200 Brickell Ave #250, Miami, FL 33131, United States",17865362344,https://www.cosmore.com/,info@cosmore.com
Lina & Elliot Group // Top Producing Miami Realtors,"
1111 Lincoln Rd #805, Miami Beach, FL 33139, United States",16267574484,http://www.linaelliotgroup.com/,elliot@elliot-lee.com
Interealty Exchange Inc,"
460 NE 28th St CU1, Miami, FL 33137, United States",17867174417,http://www.interealtyxchange.com/,alessandra.olivieri1@gmail.com
Tina Hyde Miami Realty,"
150 SE 2nd Ave 3rd floor, Miami, FL 33131, United States",13057280840,https://www.tinahyde.com/,
Miami Real Estate Broker,"
1861 NW S River Dr, Miami, FL 33125, United States",13054698090,http://www.miamirealestatebroker.com/,jim@hitchcocksolutions.com
Miami Real Estate Agent & Coach | Hans Waisfeld,"
920 Bay Dr apt 8, Miami Beach, FL 33141, United States",13054972352,https://hanswaisfeld.com/,Hans@hanswaisfeld.com
London Foster Realty Dadeland,"
9001 SW 73rd Ct, Miami, FL 33156, United States",18445663663,http://www.joinlondonfoster.com/,"Bobby@LondonFoster.com, compliance@londonfoster.com"
Elizabeth Mesa - Miami Realtor,"
800 Brickell Ave Suite 525, Miami, FL 33131, United States",13058041549,http://www.elizabethmesa.com/,emesa@onesothebysrealty.com
Jenny Serra Realtor,"
601 Brickell Key Dr #700, Miami, FL 33131, United States",13059791851,https://jennyserrarealestate.com/,jenny.serra@exprealty.com
ROCCA REAL ESTATE,"
1221 Brickell Ave Suite 900, Miami, FL 33131, United States",13109777993,https://roccasellsflorida.com/,david.rocca@theagencyre.com
Terry & Terry Co. Condo Rentals + Real Estate Services,"
150 SE 2nd Ave Ste 300, Miami, FL 33131, United States",13059077028,http://www.terryterry.co/,Fernando@terryrealtyteam.com
Gomez Realty Group,"
1900 N Bayshore Dr Suite 1A #142, Miami, FL 33132, United States",13053055678,https://www.gomezrealtygroup.com/,info@gomezrealtygroup.com
Mari Real Estate & Management,"
8754 SW 8th St, Miami, FL 33174, United States",13053451024,http://www.marirealestate.com/,
Kelby Contreras | Florida's Luxury Real Estate Specialist,"
605 Lincoln Rd, Miami Beach, FL 33139, United States",17547778166,https://floridasellinghomes.com/?utm_source=google&utm_medium=organic&utm_campaign=gmb,KELBYREALTOR@GMAIL.COM
The 305 Agency | Real Estate | Miami,"
910 West Ave, Miami Beach, FL 33139, United States",13057139891,http://www.the305agency.com/,info@sandra305.com
Coldwell Banker Realty - Miami Beach Lincoln Building,"
1682 Jefferson Ave, Miami Beach, FL 33139, United States",13056726300,https://www.coldwellbankerhomes.com/fl/miami-beach/office/miami-beach-lincoln-building/oid_913/?utm_source=google&utm_medium=organic&utm_campaign=gmb&utm_content=FL_Miami_Beach_Lincoln,
David Siddons Group at Douglas Elliman,"
1515 Sunset Dr, Miami, FL 33143, United States",13055080899,https://luxlifemiamiblog.com/,david@siddonsgroup.com
Jenny Serra Realtor,"
601 Brickell Key Dr #700, Miami, FL 33131, United States",13059791851,https://jennyserrarealestate.com/,jenny.serra@exprealty.com
BARNES Miami,"
1150 SW 22nd St, Miami, FL 33129, United States",13053612233,https://www.barnes-miami.com/,
ROCCA REAL ESTATE,"
1221 Brickell Ave Suite 900, Miami, FL 33131, United States",13109777993,https://roccasellsflorida.com/,david.rocca@theagencyre.com
Terry & Terry Co. Condo Rentals + Real Estate Services,"
150 SE 2nd Ave Ste 300, Miami, FL 33131, United States",13059077028,http://www.terryterry.co/,Fernando@terryrealtyteam.com
Gomez Realty Group,"
1900 N Bayshore Dr Suite 1A #142, Miami, FL 33132, United States",13053055678,https://www.gomezrealtygroup.com/,info@gomezrealtygroup.com
Mari Real Estate & Management,"
8754 SW 8th St, Miami, FL 33174, United States",13053451024,http://www.marirealestate.com/,info@marirealestate.com
Kelby Contreras | Florida's Luxury Real Estate Specialist,"
605 Lincoln Rd, Miami Beach, FL 33139, United States",17547778166,https://floridasellinghomes.com/?utm_source=google&utm_medium=organic&utm_campaign=gmb,KELBYREALTOR@GMAIL.COM
The 305 Agency | Real Estate | Miami,"
910 West Ave, Miami Beach, FL 33139, United States",13057139891,http://www.the305agency.com/,info@sandra305.com
Coldwell Banker Realty - Miami Beach Lincoln Building,"
1682 Jefferson Ave, Miami Beach, FL 33139, United States",13056726300,https://www.coldwellbankerhomes.com/fl/miami-beach/office/miami-beach-lincoln-building/oid_913/?utm_source=google&utm_medium=organic&utm_campaign=gmb&utm_content=FL_Miami_Beach_Lincoln,
David Siddons Group at Douglas Elliman,"
1515 Sunset Dr, Miami, FL 33143, United States",13055080899,https://luxlifemiamiblog.com/,david@siddonsgroup.com
Kelby Contreras | Florida's Luxury Real Estate Specialist,"
605 Lincoln Rd, Miami Beach, FL 33139, United States",17547778166,https://floridasellinghomes.com/?utm_source=google&utm_medium=organic&utm_campaign=gmb,KELBYREALTOR@GMAIL.COM
Julia Grollier - Realtor Miami Florida,"
325 S Biscayne Blvd #200, Miami, FL 33131, United States",13217321557,https://juliagrollier.com/,
The 305 Agency | Real Estate | Miami,"
910 West Ave, Miami Beach, FL 33139, United States",13057139891,http://www.the305agency.com/,info@sandra305.com
EXCLUSIVE PREMIER REALTY,"
1250 SW 27th Ave # 301, Miami, FL 33135, United States",18002885791,http://www.exclusivepremierrealty.com/,alex@exclusivepremierrealty.com
Coldwell Banker Realty - Miami Beach Lincoln Building,"
1682 Jefferson Ave, Miami Beach, FL 33139, United States",13056726300,https://www.coldwellbankerhomes.com/fl/miami-beach/office/miami-beach-lincoln-building/oid_913/?utm_source=google&utm_medium=organic&utm_campaign=gmb&utm_content=FL_Miami_Beach_Lincoln,
David Siddons Group at Douglas Elliman,"
1515 Sunset Dr, Miami, FL 33143, United States",13055080899,https://luxlifemiamiblog.com/,david@siddonsgroup.com
David Siddons Group at Douglas Elliman,"
1515 Sunset Dr, Miami, FL 33143, United States",13055080899,https://luxlifemiamiblog.com/,david@siddonsgroup.com
Manhattan Miami Real Estate LLC,"
1688 Meridian Ave, Miami Beach, FL 33139, United States",13052968885,https://miami.manhattanmiami.com/,
Douglas Elliman - David Nguah Group,"
1111 Lincoln Rd #805, Miami Beach, FL 33139, United States",17862003966,http://www.miamibeachhomefinder.com/,
Atlantic Square,"
777 NW 2nd Ave, Miami, FL 33136, United States",13053171088,https://www.atlanticsquareliving.com/,
Lauren Hershey - CRR REALTY,"
1200 Brickell Ave Suite #700, Miami, FL 33130, United States",17085399319,https://www.laurenhershey.com/,
Miami Realty Solution Group,"
90 SW 3rd St CU3, Miami, FL 33130, United States",13057280840,http://miamirealtysolution.com/,jayroy@miamirealtysolution.com
Chariff Realty Group Commercial Miami Real Estate,"
5801 Biscayne Blvd, Miami, FL 33137, United States",13055767474,http://www.chariff.com/,
"Sebastian Acosta, Realtor in Miami ️","
800 Brickell Ave Suite 525, Miami, FL 33131, United States",13052446222,http://www.sebastianacosta.com/,sacosta@onesothebysrealty.com
David Freed Realtor | Miami Is Home | Keller Williams Realty,"
45 SW 9th St Apt 3006, Miami, FL 33130, United States",19542638115,https://miamishome.com/?utm_source=gbp&utm_medium=organic,DAVIDFREED@KW.COM
Douglas Elliman - David Nguah Group,"
1111 Lincoln Rd #805, Miami Beach, FL 33139, United States",17862003966,http://www.miamibeachhomefinder.com/,
Jill Penman Group at ONE Sotheby's International Realty,"
3560 Main Hwy, Miami, FL 33133, United States",13058079199,https://www.jillpenman.com/,JILL@JILLPENMAN.COM
David Freed Realtor | Miami Is Home | Keller Williams Realty,"
45 SW 9th St Apt 3006, Miami, FL 33130, United States",19542638115,https://miamishome.com/?utm_source=gbp&utm_medium=organic,DAVIDFREED@KW.COM
David Freed Realtor | Miami Is Home | Keller Williams Realty,"
45 SW 9th St Apt 3006, Miami, FL 33130, United States",19542638115,https://miamishome.com/?utm_source=gbp&utm_medium=organic,DAVIDFREED@KW.COM
Chariff Realty Group Commercial Miami Real Estate,"
5801 Biscayne Blvd, Miami, FL 33137, United States",13055767474,http://www.chariff.com/,
Coldwell Banker Realty: Oliver Ruiz,"
4000 Ponce de Leon Suite 700, Coral Gables, FL 33146, United States",13059844875,https://oliversellsmiami.com/?utm_source=gbp&utm_medium=organic,
LG Realty Group Inc. Miami Luxury Real Estate,"
3250 NE 1st Ave Unit 305, Miami, FL 33137, United States",13058906226,https://www.lgrealtygroup.com/,info@lgrealtygroup.com
"Sebastian Acosta, Realtor in Miami ️","
800 Brickell Ave Suite 525, Miami, FL 33131, United States",13052446222,http://www.sebastianacosta.com/,sacosta@onesothebysrealty.com
Avanti Way Realty Brickell,"
444 Brickell Ave Office P32, Miami, FL 33131, United States",13057339741,https://avantiway.com/brickell/,marceloquiroga@avantiway.com
Miami Real Estate - Jack Coden Group,"
700 NE 90th St, Miami, FL 33138, United States",13057425225,http://www.jackcodengroup.com/,Info@JackCodenGroup.com
Real Brokers Miami – Real Estate Broker & Concierge,"
601 Brickell Key Dr #700, Miami, FL 33131, United States",13054239551,https://realbrokersmiami.com/,info@realbrokers.miami
Steven Vargas and Chloe Vargas,"
325 S Biscayne Blvd #200, Miami, FL 33131, United States",17866832938,http://stevenvargas.com/,
Rina Rodriguez | Real Estate Agent | Miami | Buy • Sell • Rent • Invest | Bilingual: English & Spanish,"
800 Brickell Ave Suite 525, Miami, FL 33131, United States",13054407407,https://rinasellsmiami.com/?utm_source=gbp&utm_medium=organic,rrodriguez@onesothebysrealty.com
Eric Farmelant - COMPASS,"
2550 S Bayshore Dr STE 106, Miami, FL 33133, United States",19548503905,http://www.ericfarmelant.com/,eric.farmelant@compass.com
The World Realty,"
1221 Brickell Ave Suite 900, Miami, FL 33131, United States",13057609121,https://www.aleksandramarzec.com/,alek@aleksandrateam.com
Jose Fuentes Real Estate Broker Fortune Christie's International,"
1390 Brickell Ave #104, Miami, FL 33131, United States",17864396764,https://beacons.ai/mrdreammaker_,
Jill Penman Group at ONE Sotheby's International Realty,"
3560 Main Hwy, Miami, FL 33133, United States",13058079199,https://www.jillpenman.com/,JILL@JILLPENMAN.COM
"Florida Realty Of Miami, Corp.","
9415 Sunset Dr #236, Miami, FL 33173, United States",13055985488,https://www.floridarealtyofmiami.com/,reception@floridarealtyofmiami.com
Miami Realtor Patricia Vega,"
8660 W Flagler St # 205, Miami, FL 33144, United States",13057731631,https://southfloridaoffmarket.com/,southfloridaoffmarket@gmail.com
Alexandra Sierra - Miami Real Estate,"
2550 S Bayshore Dr, Miami, FL 33133, United States",13052810175,https://alexasierra.com/,"karen.duarte@compass.com, info@alexasierra.com, mariafernanda.maldonado@compass.com, claudia.herrera@compass.com, maria.quintero@compass.com"
Jose Fuentes Real Estate Broker Fortune Christie's International,"
1390 Brickell Ave #104, Miami, FL 33131, United States",17864396764,https://beacons.ai/mrdreammaker_,
Jill Penman Group at ONE Sotheby's International Realty,"
3560 Main Hwy, Miami, FL 33133, United States",13058079199,https://www.jillpenman.com/,JILL@JILLPENMAN.COM
Jill Penman Group at ONE Sotheby's International Realty,"
3560 Main Hwy, Miami, FL 33133, United States",13058079199,https://www.jillpenman.com/,JILL@JILLPENMAN.COM
Eric Farmelant - COMPASS,"
2550 S Bayshore Dr STE 106, Miami, FL 33133, United States",19548503905,http://www.ericfarmelant.com/,eric.farmelant@compass.com
"Pilar Saravia, Best Miami Realtor","
7381 SW 34th Terrace, Miami, FL 33155, United States",13052057379,https://pilarsaravia.exprealty.com/seller/valuation/,
Mariana Garber PA at Coldwell Banker Global Luxury Miami,"
328 Crandon Blvd Ste 127, Key Biscayne, FL 33149, United States",17862802770,http://www.marianagarber.com/,MARIANA@MARIANAGARBER.COM
Miami Realtor Patricia Vega,"
8660 W Flagler St # 205, Miami, FL 33144, United States",13057731631,https://southfloridaoffmarket.com/,southfloridaoffmarket@gmail.com
Mariana Garber PA at Coldwell Banker Global Luxury Miami,"
328 Crandon Blvd Ste 127, Key Biscayne, FL 33149, United States",17862802770,http://www.marianagarber.com/,MARIANA@MARIANAGARBER.COM
Alexandra Sierra - Miami Real Estate,"
2550 S Bayshore Dr, Miami, FL 33133, United States",13052810175,https://alexasierra.com/,"karen.duarte@compass.com, info@alexasierra.com, mariafernanda.maldonado@compass.com, claudia.herrera@compass.com, maria.quintero@compass.com"
"EDITION Residences, Miami Edgewater","
2121 N Bayshore Dr, Miami, FL 33137, United States",13057671414,https://www.editionresidencesedgewater.com/?utm_source=local-listings&utm_medium=organic&utm_campaign=local-listings,
Jill Penman Group at ONE Sotheby's International Realty,"
3560 Main Hwy, Miami, FL 33133, United States",13058079199,https://www.jillpenman.com/,JILL@JILLPENMAN.COM
Miami Luxury Homes,"
3059 Grand Ave Suite 340, Coconut Grove, FL 33133, United States",13053509842,https://www.miamiluxuryhomes.com/,info@miamiluxuryhomes.com
Miami Realty Solution Group,"
90 SW 3rd St CU3, Miami, FL 33130, United States",13057280840,http://miamirealtysolution.com/,jayroy@miamirealtysolution.com
The Estate Companies,"
6201 SW 70th St, South Miami, FL 33143, United States",13056631002,http://eigfl.com/,admin@eigfl.com
LG Realty Group Inc. Miami Luxury Real Estate,"
3250 NE 1st Ave Unit 305, Miami, FL 33137, United States",13058906226,https://www.lgrealtygroup.com/,info@lgrealtygroup.com
Properties Miami,"
637 SW 3rd St APT 306, Miami, FL 33130, United States",17865054939,https://propertiesmiami.com/,info@propertiesmiami.com
Chariff Realty Group Commercial Miami Real Estate,"
5801 Biscayne Blvd, Miami, FL 33137, United States",13055767474,http://www.chariff.com/,
DREAM LAND GROUP REAL ESTATE,"
1100 Brickell Bay Dr, Miami, FL 33131, United States",13054175859,https://www.facebook.com/miamirealestateopportunities/,Miamiopportunitiesre@gmail.com
DREAM LAND GROUP REAL ESTATE,"
1100 Brickell Bay Dr, Miami, FL 33131, United States",13054175859,https://www.facebook.com/miamirealestateopportunities/,Miamiopportunitiesre@gmail.com
Aleksandra Marzec,"
1221 Brickell Ave Suite 900, Miami, FL 33131, United States",13057609121,http://www.aleksandramarzec.com/,alek@aleksandrateam.com
"Sebastian Acosta, Realtor in Miami ️","
800 Brickell Ave Suite 525, Miami, FL 33131, United States",13052446222,http://www.sebastianacosta.com/,sacosta@onesothebysrealty.com
Cervera Real Estate Inc | Headquarters,"
1450 S Miami Ave, Miami, FL 33130, United States",13053743434,http://www.cervera.com/,info@cervera.com
Novel Management,"
1221 Brickell Ave Suite 900, Miami, FL 33131, United States",13054009479,https://www.novelmanagement.com/?tcid=GMB,info@novelmanagement.com
Equity Real Estate South Florida,"
8950 SW 74th Ct Suite 2201, Miami, FL 33156, United States",17862816026,https://soflorida.equityrealestateusa.com/,
"Abraham Ash, Realtor","
495 Brickell Ave # 521, Miami, FL 33131, United States",13055869734,http://abescondos.com/,Abe@AbeAshMiami.com
David Freed Realtor | Miami Is Home | Keller Williams Realty,"
45 SW 9th St Apt 3006, Miami, FL 33130, United States",19542638115,https://miamishome.com/?utm_source=gbp&utm_medium=organic,DAVIDFREED@KW.COM
Equity Real Estate South Florida,"
8950 SW 74th Ct Suite 2201, Miami, FL 33156, United States",17862816026,https://soflorida.equityrealestateusa.com/,
Stefania Mogollon,"
79 SW 12th St APT 1706, Miami, FL 33130, United States",13053067205,http://www.stefaniamogollon.com/,info@stefaniamogollon.com
Stefania Mogollon,"
79 SW 12th St APT 1706, Miami, FL 33130, United States",13053067205,http://www.stefaniamogollon.com/,info@stefaniamogollon.com
David Freed Realtor | Miami Is Home | Keller Williams Realty,"
45 SW 9th St Apt 3006, Miami, FL 33130, United States",19542638115,https://miamishome.com/?utm_source=gbp&utm_medium=organic,DAVIDFREED@KW.COM
Interealty Exchange Inc,"
460 NE 28th St CU1, Miami, FL 33137, United States",17867174417,http://www.interealtyxchange.com/,alessandra.olivieri1@gmail.com
BARNES Miami,"
1150 SW 22nd St, Miami, FL 33129, United States",13053612233,https://www.barnes-miami.com/,
BARNES Miami,"
1150 SW 22nd St, Miami, FL 33129, United States",13053612233,https://www.barnes-miami.com/,
BARNES Miami,"
1150 SW 22nd St, Miami, FL 33129, United States",13053612233,https://www.barnes-miami.com/,
BARNES Miami,"
1150 SW 22nd St, Miami, FL 33129, United States",13053612233,https://www.barnes-miami.com/,
BARNES Miami,"
1150 SW 22nd St, Miami, FL 33129, United States",13053612233,https://www.barnes-miami.com/,
Miami Residential Group,"
777 Brickell Ave #500, Miami, FL 33131, United States",13056472663,http://www.miamiresidential.com/,
"Abraham Ash, Realtor","
495 Brickell Ave # 521, Miami, FL 33131, United States",13055869734,http://abescondos.com/,Abe@AbeAshMiami.com
Jose Fuentes Real Estate Broker Fortune Christie's International,"
1390 Brickell Ave #104, Miami, FL 33131, United States",17864396764,https://beacons.ai/mrdreammaker_,
Deconova Real Estate Brickell Miami FL,"
1000 Brickell Ave SUITE 2D-200, Miami, FL 33131, United States",17865813100,http://www.deconovaflorida.com/,info@deconovaflorida.com
Thine Agency,"
225 Collins Ave #101, Miami Beach, FL 33139, United States",13056095500,https://www.thineagency.com/,sophia@thineagency.com
Alexandra Sierra - Miami Real Estate,"
2550 S Bayshore Dr, Miami, FL 33133, United States",13052810175,https://alexasierra.com/,"karen.duarte@compass.com, info@alexasierra.com, mariafernanda.maldonado@compass.com, claudia.herrera@compass.com, maria.quintero@compass.com"
One Sotheby's International Realty,"
119 Washington Ave Suite 102, Miami Beach, FL 33139, United States",13055389711,https://www.onesothebysrealty.com/,
The Jills Zeder Group Miami,"
4000 Ponce de Leon Suite 700, Coral Gables, FL 33146, United States",13057225721,https://www.jillszeder.com/,
Miami Luxury Residences,"
333 NE 24th St, Miami, FL 33137, United States",13058749500,http://www.miamiluxuryresidences.com/,ory@miamiluxuryresidences.com
Guillermo Teran Group Real Estate,"
444 Brickell Ave Office P32, Miami, FL 33131, United States",13054579609,https://www.gteran.com/,gteran@avantiway.com
COSMORE - Real Estate Agency,"
1200 Brickell Ave #250, Miami, FL 33131, United States",17865362344,https://www.cosmore.com/,info@cosmore.com
"Home Miami, Team / Brokered by eXp Realty | Luz Abreu Real Estate Broker Associate","
10450 NW 33rd St Suite 206, Doral, FL 33172, United States",17542297400,http://www.homemiamire.com/,info@homemiamire.com
David Siddons Group at Douglas Elliman,"
1515 Sunset Dr, Miami, FL 33143, United States",13055080899,https://luxlifemiamiblog.com/,david@siddonsgroup.com
SF Real Estate. US,"
1110 Brickell Ave, Miami, FL 33131, United States",17864431449,https://www.sfrealestate.us/,hello@sfrealestate.us
"Douglas Elliman Real Estate Office in Miami, FL","
5555 Biscayne Blvd # 302, Miami, FL 33137, United States",13056775000,https://www.elliman.com/florida/office/510-b-544-544/mimo?utm_source=GMB&utm_medium=Organic_search&utm_campaign=GMB_Miami_FL,
Miami Real Estate - Jack Coden Group,"
700 NE 90th St, Miami, FL 33138, United States",13057425225,http://www.jackcodengroup.com/,Info@JackCodenGroup.com
"JMC Real Estate Miami, Jorge Martinez de Castro, Licensed Real Estate Broker","
9100 S Dadeland Blvd suite 1500, Miami, FL 33156, United States",13055105589,http://www.jmc.realestate/,team@jmc.realestate
"The Schwartz Team, Compass - South Florida Luxury Real Estate","
605 Lincoln Rd 7th floor, Miami Beach, FL 33139, United States",13054396628,http://theschwartzteamre.com/,info@theschwartzteamre.com
C21 Dorar Realty,"
7281 Coral Wy, Miami, FL 33155, United States",13052646000,http://www.c21dorar.com/,
Canvas Real Estate - Miami,"
2125 Biscayne Blvd Suite 266, Miami, FL 33137, United States",19543327121,http://www.canvasre.com/,
Miami One Real Estate,"
1110 Brickell Ave SUITE 805, Miami, FL 33131, United States",19549903150,http://miamionere.com/,
Adrian Burke Luxury Real Estate | Sotheby's Realty,"
119 Washington Ave Suite 102, Miami Beach, FL 33139, United States",13053974733,https://adrianknowsmiamiluxury.com/,
DoMi Real Estate Advisors,"
2 Biscayne Blvd #3200, Miami, FL 33131, United States",13056469096,http://www.domirealestate.com/,info@domirealestate.com
Belhouse Real Estate LLC,"
Infinity, 40 SW 13th St suite # 701, Miami, FL 33130, United States",13059219789,http://www.belhousere.com/,info@belhousere.com
RISE Realty,"
1111 Brickell Ave, Miami, FL 33131, United States",13058591606,https://riserealty.com/,"Mario@RISErealty.com, Keith@RISErealty.com, info@RISErealty.com, Kevin@RISErealty.com"
Centennial Realty Group - Real Estate Agents & Brokers Miami,"
8200 NW 41st St Suite 200, Doral, FL 33166, United States",19548546668,https://centennialrealtygroup.com/,
SF Real Estate. US,"
1110 Brickell Ave, Miami, FL 33131, United States",17864431449,https://www.sfrealestate.us/,hello@sfrealestate.us
Avanti Way Realty Brickell,"
444 Brickell Ave Office P32, Miami, FL 33131, United States",13057339741,https://avantiway.com/brickell/,marceloquiroga@avantiway.com
Ancona Real Estate Inc.,"
1666 John F Kennedy Causeway #200, Miami Beach, FL 33141, United States",13054568718,http://www.anconarealty.com/,
Daniela Silva Real Estate - Miami Realtor,"
1900 N Bayshore Dr, Miami, FL 33132, United States",17863163703,http://danielasilva.miami/,info@danielasilva.miami
LoKation Real Estate,"
1900 N Bayshore Dr Suite 120, Miami, FL 33132, United States",13054206613,https://lokationre.com/,
Fortune Real Estate Services,"
801 Brickell Bay Dr APT 1966, Miami, FL 33131, United States",13055874200,http://www.fortunerealestateservices.com/,Accessibility@incomrealestate.com
"Douglas Elliman Real Estate Office in South-of-Fifth in Miami Beach, FL","
120 Ocean Dr Suite 110, Miami Beach, FL 33139, United States",13056956075,https://www.elliman.com/florida/office/510-b-532-532/glass?utm_source=GMB&utm_medium=Organic_search&utm_campaign=GMB_Miami_Beach_FL,"judith.corcos@elliman.com, JUDITH.CORCOS@ELLIMAN.COM"
Fortune International Group,"
1300 Brickell Ave, Miami, FL 33131, United States",13053511000,http://www.fortuneintlgroup.com/,
Miami Real Estate Broker,"
1861 NW S River Dr, Miami, FL 33125, United States",13054698090,http://www.miamirealestatebroker.com/,jim@hitchcocksolutions.com
Richard Jimenez - Mansion Team Brokered by eXp Realty,"
66 W Flagler St Suit 900, Miami, FL 33130, United States",13054955751,http://www.locationlocationnow.com/,
Miami Real Estate,"
1001 Brickell Bay Dr #2732, Miami, FL 33131, United States",13056472663,http://www.miamiresidential.com/,
Miami Real Estate Production,"
2225 Meridian Ave, Miami Beach, FL 33139, United States",13058591910,http://miamirealestateproduction.com/,MiamiRealEstateProduction@gmail.com
Cadisa Inc. Miami Property Management Condo HOA,"
2050 Coral Wy #402, Miami, FL 33145, United States",13058602935,http://www.cadisainc.com/,
"Milton Andrade, REALTOR - Compass","
1655 SW 18th St, Miami, FL 33145, United States",17855303942,http://www.polarisadvisorsgroup.com/,polarisadvisors@compass.com
"EDITION Residences, Miami Edgewater","
2121 N Bayshore Dr, Miami, FL 33137, United States",13057671414,https://www.editionresidencesedgewater.com/?utm_source=local-listings&utm_medium=organic&utm_campaign=local-listings,
Florida Capital Realty,"
8001 SW 24th St, Miami, FL 33155, United States",17869535870,http://www.floridacapitalrealty.com/,
Mayell Real Estate Miami,"
78 SW 7th St Fl 4, Miami, FL 33130, United States",19292202068,http://mayellre.com/,info@mayellre.com
Carlton International Real Estate,"
333 SE 2nd Ave STE 2000, Miami, FL 33131, United States",13057351221,https://carltoninternational.co/,CarltonOffice@gmail.com
Central Commercial Real Estate,"
390 NW 27th St, Miami, FL 33127, United States",17865774974,http://centralcommercial.com/,info@centralcommercialre.com
Hal Feldman - Miami Real Estate Agent,"
5792 Sunset Dr, South Miami, FL 33143, United States",17866932005,https://miamihal.com/,
Jessica Bazan - Miami Real Estate,"
700 NE 90th St, Miami, FL 33138, United States",17862135333,http://www.jessicabazanmiami.com/,jessicabazan@me.com
Compass | Amit Bhuta | Miami Real Estate,"
2550 S Bayshore Dr STE 106, Miami, FL 33133, United States",13054393031,http://allinmiami.com/,
Globalty Investment,"
78 SW 7th St Suite 800, Miami, FL 33130, United States",15619454345,https://www.globaltyinvestment.com/,
"EDITION Residences, Miami Edgewater","
2121 N Bayshore Dr, Miami, FL 33137, United States",13057671414,https://www.editionresidencesedgewater.com/?utm_source=local-listings&utm_medium=organic&utm_campaign=local-listings,
Florida Capital Realty,"
8001 SW 24th St, Miami, FL 33155, United States",17869535870,http://www.floridacapitalrealty.com/,
Mayell Real Estate Miami,"
78 SW 7th St Fl 4, Miami, FL 33130, United States",19292202068,http://mayellre.com/,info@mayellre.com
Carlton International Real Estate,"
333 SE 2nd Ave STE 2000, Miami, FL 33131, United States",13057351221,https://carltoninternational.co/,CarltonOffice@gmail.com
Central Commercial Real Estate,"
390 NW 27th St, Miami, FL 33127, United States",17865774974,http://centralcommercial.com/,info@centralcommercialre.com
Hal Feldman - Miami Real Estate Agent,"
5792 Sunset Dr, South Miami, FL 33143, United States",17866932005,https://miamihal.com/,
Jessica Bazan - Miami Real Estate,"
700 NE 90th St, Miami, FL 33138, United States",17862135333,http://www.jessicabazanmiami.com/,jessicabazan@me.com
Compass | Amit Bhuta | Miami Real Estate,"
2550 S Bayshore Dr STE 106, Miami, FL 33133, United States",13054393031,http://allinmiami.com/,
Globalty Investment,"
78 SW 7th St Suite 800, Miami, FL 33130, United States",15619454345,https://www.globaltyinvestment.com/,
Miami Grand Realty INC,"
6855 SW 81st St, Miami, FL 33143, United States",19545403455,http://www.miamigrandrealty.com/,
Carlton International Real Estate,"
333 SE 2nd Ave STE 2000, Miami, FL 33131, United States",13057351221,https://carltoninternational.co/,CarltonOffice@gmail.com
NB Elite Realty LLC,"
1101 Brickell Ave, Miami, FL 33131, United States",18444446237,http://nbeliterealty.com/,
JPR International Real Estate,"
8950 SW 74th Ct Suite 2201, Miami, FL 33156, United States",17862287702,http://www.jprrealestate.com/,
The World Realty,"
1221 Brickell Ave Suite 900, Miami, FL 33131, United States",13057609121,https://www.aleksandramarzec.com/,alek@aleksandrateam.com
Disruptive Real Estate,"
252 NW 29th St 9th Floor, Miami, FL 33127, United States",13056408421,https://www.disruptiverealestate.com/,Hello@Disruptiverealestate.com
"Nicolas Piedra Buena, REALTOR","
1390 Brickell Ave Suite # 420, Miami, FL 33131, United States",13053041653,https://nicolaspiedrabuena.brickellbrokers.com/,info@brickellbrokers.com
South Florida Investments,"
1666 John F Kennedy Causeway #606, North Bay Village, FL 33141, United States",13059827740,https://www.southfloridainvestments.com/,nivaldosr@southfloridainvestments.com
"Natalie Mery, Miami Real Estate Agent","
398 NE 5th St 13th Floor, Miami, FL 33132, United States",13059059027,http://www.nataliemeryrealestate.com/,
Jill Penman Group at ONE Sotheby's International Realty,"
3560 Main Hwy, Miami, FL 33133, United States",13058079199,https://www.jillpenman.com/,JILL@JILLPENMAN.COM
Gravity Real Estate | Top Miami Realtors,"
1390 S Dixie Hwy Suite 2218, Coral Gables, FL 33146, United States",13057262100,http://www.gravityrealestate.com/,Info@GravityRealEstate.com
"Home Seller Heaven: We Buy Houses Fast in Miami, FL","
11151 NW 36th Ave, Miami, FL 33167, United States",13052095230,https://www.homesellerheaven.com/?utm_source=gmb&utm_medium=referral,
Miami Grand Realty INC,"
6855 SW 81st St, Miami, FL 33143, United States",19545403455,http://www.miamigrandrealty.com/,
NB Elite Realty LLC,"
1101 Brickell Ave, Miami, FL 33131, United States",18444446237,http://nbeliterealty.com/,
JPR International Real Estate,"
8950 SW 74th Ct Suite 2201, Miami, FL 33156, United States",17862287702,http://www.jprrealestate.com/,
The World Realty,"
1221 Brickell Ave Suite 900, Miami, FL 33131, United States",13057609121,https://www.aleksandramarzec.com/,alek@aleksandrateam.com
Disruptive Real Estate,"
252 NW 29th St 9th Floor, Miami, FL 33127, United States",13056408421,https://www.disruptiverealestate.com/,Hello@Disruptiverealestate.com
"Nicolas Piedra Buena, REALTOR","
1390 Brickell Ave Suite # 420, Miami, FL 33131, United States",13053041653,https://nicolaspiedrabuena.brickellbrokers.com/,info@brickellbrokers.com
South Florida Investments,"
1666 John F Kennedy Causeway #606, North Bay Village, FL 33141, United States",13059827740,https://www.southfloridainvestments.com/,nivaldosr@southfloridainvestments.com
"Natalie Mery, Miami Real Estate Agent","
398 NE 5th St 13th Floor, Miami, FL 33132, United States",13059059027,http://www.nataliemeryrealestate.com/,natymb@gmail.com
"Home Seller Heaven: We Buy Houses Fast in Miami, FL","
11151 NW 36th Ave, Miami, FL 33167, United States",13052095230,https://www.homesellerheaven.com/?utm_source=gmb&utm_medium=referral,
Mayell Real Estate Miami,"
78 SW 7th St Fl 4, Miami, FL 33130, United States",19292202068,http://mayellre.com/,info@mayellre.com
Miami Grand Realty INC,"
6855 SW 81st St, Miami, FL 33143, United States",19545403455,http://www.miamigrandrealty.com/,
NB Elite Realty LLC,"
1101 Brickell Ave, Miami, FL 33131, United States",18444446237,http://nbeliterealty.com/,
JPR International Real Estate,"
8950 SW 74th Ct Suite 2201, Miami, FL 33156, United States",17862287702,http://www.jprrealestate.com/,
The World Realty,"
1221 Brickell Ave Suite 900, Miami, FL 33131, United States",13057609121,https://www.aleksandramarzec.com/,alek@aleksandrateam.com
Disruptive Real Estate,"
252 NW 29th St 9th Floor, Miami, FL 33127, United States",13056408421,https://www.disruptiverealestate.com/,Hello@Disruptiverealestate.com
"Nicolas Piedra Buena, REALTOR","
1390 Brickell Ave Suite # 420, Miami, FL 33131, United States",13053041653,https://nicolaspiedrabuena.brickellbrokers.com/,info@brickellbrokers.com
South Florida Investments,"
1666 John F Kennedy Causeway #606, North Bay Village, FL 33141, United States",13059827740,https://www.southfloridainvestments.com/,nivaldosr@southfloridainvestments.com
"Natalie Mery, Miami Real Estate Agent","
398 NE 5th St 13th Floor, Miami, FL 33132, United States",13059059027,http://www.nataliemeryrealestate.com/,natymb@gmail.com
Disruptive Real Estate,"
252 NW 29th St 9th Floor, Miami, FL 33127, United States",13056408421,https://www.disruptiverealestate.com/,Hello@Disruptiverealestate.com
Compass | Amit Bhuta | Miami Real Estate,"
2550 S Bayshore Dr STE 106, Miami, FL 33133, United States",13054393031,http://allinmiami.com/,
"Nicolas Piedra Buena, REALTOR","
1390 Brickell Ave Suite # 420, Miami, FL 33131, United States",13053041653,https://nicolaspiedrabuena.brickellbrokers.com/,info@brickellbrokers.com
South Florida Investments,"
1666 John F Kennedy Causeway #606, North Bay Village, FL 33141, United States",13059827740,https://www.southfloridainvestments.com/,nivaldosr@southfloridainvestments.com
"Natalie Mery, Miami Real Estate Agent","
398 NE 5th St 13th Floor, Miami, FL 33132, United States",13059059027,http://www.nataliemeryrealestate.com/,natymb@gmail.com
"Natalie Mery, Miami Real Estate Agent","
398 NE 5th St 13th Floor, Miami, FL 33132, United States",13059059027,http://www.nataliemeryrealestate.com/,natymb@gmail.com
Globalty Investment,"
78 SW 7th St Suite 800, Miami, FL 33130, United States",15619454345,https://www.globaltyinvestment.com/,
Globalty Investment,"
78 SW 7th St Suite 800, Miami, FL 33130, United States",15619454345,https://www.globaltyinvestment.com/,
The Gardens Corporate Center,"
1125 NE 125th St, North Miami, FL 33161, United States",17865585776,http://www.omegarmg.com/,
Jill Penman Group at ONE Sotheby's International Realty,"
3560 Main Hwy, Miami, FL 33133, United States",13058079199,https://www.jillpenman.com/,JILL@JILLPENMAN.COM
Real Brokers Miami – Real Estate Broker & Concierge,"
601 Brickell Key Dr #700, Miami, FL 33131, United States",13054239551,https://realbrokersmiami.com/,info@realbrokers.miami
Miami Realty Solution Group,"
90 SW 3rd St CU3, Miami, FL 33130, United States",13057280840,http://miamirealtysolution.com/,jayroy@miamirealtysolution.com
The 305 Agency | Real Estate | Miami,"
910 West Ave, Miami Beach, FL 33139, United States",13057139891,http://www.the305agency.com/,info@sandra305.com
Rina Rodriguez | Real Estate Agent | Miami | Buy • Sell • Rent • Invest | Bilingual: English & Spanish,"
800 Brickell Ave Suite 525, Miami, FL 33131, United States",13054407407,https://rinasellsmiami.com/?utm_source=gbp&utm_medium=organic,rrodriguez@onesothebysrealty.com
Rina Rodriguez | Real Estate Agent | Miami | Buy • Sell • Rent • Invest | Bilingual: English & Spanish,"
800 Brickell Ave Suite 525, Miami, FL 33131, United States",13054407407,https://rinasellsmiami.com/?utm_source=gbp&utm_medium=organic,rrodriguez@onesothebysrealty.com
Rina Rodriguez | Real Estate Agent | Miami | Buy • Sell • Rent • Invest | Bilingual: English & Spanish,"
800 Brickell Ave Suite 525, Miami, FL 33131, United States",13054407407,https://rinasellsmiami.com/?utm_source=gbp&utm_medium=organic,rrodriguez@onesothebysrealty.com
Jose Fuentes Real Estate Broker Fortune Christie's International,"
1390 Brickell Ave #104, Miami, FL 33131, United States",17864396764,https://beacons.ai/mrdreammaker_,
Florida New Dream Corp | Real Estate Agency in North Miami,"
12955 Biscayne Blvd Ste 410-4, North Miami, FL 33181, United States",17867624249,http://www.floridanewdream.com/,
Diana Tello Miami Real Estate Agent,"
951 Brickell Ave, Miami, FL 33131, United States",19192005027,http://dianatello.com/,dianatmiamirealestate@gmail.com
Diana Tello Miami Real Estate Agent,"
951 Brickell Ave, Miami, FL 33131, United States",19192005027,http://dianatello.com/,dianatmiamirealestate@gmail.com
"Sebastian Acosta, Realtor in Miami ️","
800 Brickell Ave Suite 525, Miami, FL 33131, United States",13052446222,http://www.sebastianacosta.com/,sacosta@onesothebysrealty.com
"Sebastian Acosta, Realtor in Miami ️","
800 Brickell Ave Suite 525, Miami, FL 33131, United States",13052446222,http://www.sebastianacosta.com/,sacosta@onesothebysrealty.com
Tatiana Costa P.A. | #CostaGroup,"
Fortune Christie’s International Real Estate, 1390 Brickell Ave #104, Miami, FL 33131, United States",13057338990,http://www.costagroupmiami.com/,info@costagroupmiami.com
Tatiana Costa P.A. | #CostaGroup,"
Fortune Christie’s International Real Estate, 1390 Brickell Ave #104, Miami, FL 33131, United States",13057338990,http://www.costagroupmiami.com/,info@costagroupmiami.com
Tatiana Costa P.A. | #CostaGroup,"
Fortune Christie’s International Real Estate, 1390 Brickell Ave #104, Miami, FL 33131, United States",13057338990,http://www.costagroupmiami.com/,info@costagroupmiami.com
"Natalie Mery, Miami Real Estate Agent","
398 NE 5th St 13th Floor, Miami, FL 33132, United States",13059059027,http://www.nataliemeryrealestate.com/,natymb@gmail.com
Miami Real Estate - Jack Coden Group,"
700 NE 90th St, Miami, FL 33138, United States",13057425225,http://www.jackcodengroup.com/,Info@JackCodenGroup.com
Deconova Real Estate Brickell Miami FL,"
1000 Brickell Ave SUITE 2D-200, Miami, FL 33131, United States",17865813100,http://www.deconovaflorida.com/,info@deconovaflorida.com
Tatiana Costa P.A. | #CostaGroup,"
Fortune Christie’s International Real Estate, 1390 Brickell Ave #104, Miami, FL 33131, United States",13057338990,http://www.costagroupmiami.com/,info@costagroupmiami.com
Nancy Batchelor Team,"
605 Lincoln Rd Floor 7, Miami Beach, FL 33139, United States",13059032850,http://www.nancybatchelor.com/,nancy@nancybatchelor.com
Miami Realtor Patricia Vega,"
8660 W Flagler St # 205, Miami, FL 33144, United States",13057731631,https://southfloridaoffmarket.com/,southfloridaoffmarket@gmail.com
"Pilar Saravia, Best Miami Realtor","
7381 SW 34th Terrace, Miami, FL 33155, United States",13052057379,https://pilarsaravia.exprealty.com/seller/valuation/,
Centennial Realty Group - Real Estate Agents & Brokers Miami,"
8200 NW 41st St Suite 200, Doral, FL 33166, United States",19548546668,https://centennialrealtygroup.com/,
DREAM LAND GROUP REAL ESTATE,"
1100 Brickell Bay Dr, Miami, FL 33131, United States",13054175859,https://www.facebook.com/miamirealestateopportunities/,Miamiopportunitiesre@gmail.com
Blackbook Properties,"
1900 N Bayshore Dr Suite 1A #103, Miami, FL 33132, United States",17864002296,https://www.condoblackbook.com/,contact@condoblackbook.com
Miami Real Estate Agent & Coach | Hans Waisfeld,"
920 Bay Dr apt 8, Miami Beach, FL 33141, United States",13054972352,https://hanswaisfeld.com/,Hans@hanswaisfeld.com
Miami Real Estate Agent Bryan Roach,"
8180 NW 36th St #308, Doral, FL 33166, United States",13054396211,http://www.bryanhroach.com/,
Abner Realty,"
690 SW 1st Ct, Miami, FL 33130, United States",13052227513,http://www.abnerglobal.com/,info@abnerglobal.com
Gallo Travel Agency,"
7214 SW 8th St, Miami, FL 33144, United States",17867622630,https://www.gallotravelagency.us/,"info@gallotravelagency.us, info@gallotravelangency.us"
Monteiro International Realty Corp.,"
1110 Brickell Ave STE 404, Miami, FL 33131, United States",13053856693,http://www.monteirousa.com/,info@monteirousa.com
Blackbook Properties,"
1900 N Bayshore Dr Suite 1A #103, Miami, FL 33132, United States",17864002296,https://www.condoblackbook.com/,contact@condoblackbook.com
Eric Farmelant - COMPASS,"
2550 S Bayshore Dr STE 106, Miami, FL 33133, United States",19548503905,http://www.ericfarmelant.com/,eric.farmelant@compass.com
Miami Real Estate Agent & Coach | Hans Waisfeld,"
920 Bay Dr apt 8, Miami Beach, FL 33141, United States",13054972352,https://hanswaisfeld.com/,Hans@hanswaisfeld.com
Miami Real Estate Agent Bryan Roach,"
8180 NW 36th St #308, Doral, FL 33166, United States",13054396211,http://www.bryanhroach.com/,
Abner Realty,"
690 SW 1st Ct, Miami, FL 33130, United States",13052227513,http://www.abnerglobal.com/,info@abnerglobal.com
Gallo Travel Agency,"
7214 SW 8th St, Miami, FL 33144, United States",17867622630,https://www.gallotravelagency.us/,"info@gallotravelagency.us, info@gallotravelangency.us"
Monteiro International Realty Corp.,"
1110 Brickell Ave STE 404, Miami, FL 33131, United States",13053856693,http://www.monteirousa.com/,info@monteirousa.com
Carlton International Real Estate,"
333 SE 2nd Ave STE 2000, Miami, FL 33131, United States",13057351221,https://carltoninternational.co/,CarltonOffice@gmail.com
The World Realty,"
1221 Brickell Ave Suite 900, Miami, FL 33131, United States",13057609121,https://www.aleksandramarzec.com/,alek@aleksandrateam.com
Five Star Luxury Travel,"
350 NE 24th St Suite 101, Miami, FL 33137, United States",13053306182,https://www.fivestarluxurytravel.com/,Info@fivestarluxurytravel.com
NB Elite Realty LLC,"
1101 Brickell Ave, Miami, FL 33131, United States",18444446237,http://nbeliterealty.com/,
Julia Grollier - Realtor Miami Florida,"
325 S Biscayne Blvd #200, Miami, FL 33131, United States",13217321557,https://juliagrollier.com/,
Stefania Mogollon,"
79 SW 12th St APT 1706, Miami, FL 33130, United States",13053067205,http://www.stefaniamogollon.com/,info@stefaniamogollon.com
Matt Lill - Luxury Real Estate Agent - Corcoran Miami Beach - South Florida Expert,"
1688 Meridian Ave Ste 400, Miami Beach, FL 33139, United States",17867695025,https://www.mattlill.com/,MATT.LILL@CORCORAN.COM
Elite Ocean View Realty,"
210 71st St suite 305, Miami Beach, FL 33141, United States",13056001278,http://www.eliteoceanviewrealty.com/,teo@eliteoceanviewrealty.com
"Charter Club Realty, Inc.","
600 NE 36th St STE C2, Miami, FL 33137, United States",13055766252,http://charterclubrealty.com/,bayagent1@gmail.com
Mauro Silva PA Miami - Fort Lauderdale Realtor,"
1354 Washington Ave, Miami Beach, FL 33139, United States",17863267378,https://www.propertiesforsaleandrent.com/,
Miami Condo Investments,"
851 NE 1st Ave #3011, Miami, FL 33132, United States",13054283860,https://www.miamicondoinvestments.com/,INFO@MIAMICONDOINVESTMENTS.COM
"Anthony Spitaleri, Miami, Florida Realtor","
420 Lincoln Rd, Miami Beach, FL 33139, United States",19542355783,http://homeforrentmiamiflorida.com/,HELLO@ANTHONYSPITALERI.CO
Adrian Burke Luxury Real Estate | Sotheby's Realty,"
119 Washington Ave Suite 102, Miami Beach, FL 33139, United States",13053974733,https://adrianknowsmiamiluxury.com/,ABURKE@ONESOTHEBYSREALTY.COM
Jessica Bazan - Miami Real Estate,"
700 NE 90th St, Miami, FL 33138, United States",17862135333,http://www.jessicabazanmiami.com/,jessicabazan@me.com
The Jills Zeder Group Miami,"
4000 Ponce de Leon Suite 700, Coral Gables, FL 33146, United States",13057225721,https://www.jillszeder.com/,
Trident Real Estate & Trident Management,"
800 West Ave C1, Miami Beach, FL 33139, United States",13055357599,http://www.tridentmiami.com/,
Ancona Real Estate Inc.,"
1666 John F Kennedy Causeway #200, Miami Beach, FL 33141, United States",13054568718,http://www.anconarealty.com/,info@anconarealty.com
The Gardens Corporate Center,"
1125 NE 125th St, North Miami, FL 33161, United States",17865585776,http://www.omegarmg.com/,
"Charter Club Realty, Inc.","
600 NE 36th St STE C2, Miami, FL 33137, United States",13055766252,http://charterclubrealty.com/,bayagent1@gmail.com
"Charter Club Realty, Inc.","
1354 Washington Ave, Miami Beach, FL 33139, United States",17863267378,https://www.propertiesforsaleandrent.com/,
Mauro Silva PA Miami - Fort Lauderdale Realtor,"
1354 Washington Ave, Miami Beach, FL 33139, United States",17863267378,https://www.propertiesforsaleandrent.com/,
Adrian Burke Luxury Real Estate | Sotheby's Realty,"
119 Washington Ave Suite 102, Miami Beach, FL 33139, United States",13053974733,https://adrianknowsmiamiluxury.com/,ABURKE@ONESOTHEBYSREALTY.COM
Jessica Bazan - Miami Real Estate,"
700 NE 90th St, Miami, FL 33138, United States",17862135333,http://www.jessicabazanmiami.com/,jessicabazan@me.com
The Jills Zeder Group Miami,"
4000 Ponce de Leon Suite 700, Coral Gables, FL 33146, United States",13057225721,https://www.jillszeder.com/,
Trident Real Estate & Trident Management,"
800 West Ave C1, Miami Beach, FL 33139, United States",13055357599,http://www.tridentmiami.com/,
Ancona Real Estate Inc.,"
1666 John F Kennedy Causeway #200, Miami Beach, FL 33141, United States",13054568718,http://www.anconarealty.com/,info@anconarealty.com
Douglas Elliman - David Nguah Group,"
1111 Lincoln Rd #805, Miami Beach, FL 33139, United States",17862003966,http://www.miamibeachhomefinder.com/,
Gomez Realty Group,"
1900 N Bayshore Dr Suite 1A #142, Miami, FL 33132, United States",13053055678,https://www.gomezrealtygroup.com/,info@gomezrealtygroup.com
Lorena De Oliveira - Miami Realtor & Insurance Agent,"
40 SW 13th St #703, Miami, FL 33130, United States",17862536478,https://lorenadeoliveirarealtor.com/,
Janeth Patricia Miami Real Estate Agent,"
10887 NW 17th St Unit 206, Miami, FL 33172, United States",15613127300,https://janethgutierrez.exprealty.com/,
Catherine Rodstein Real Estate Agent Miami Beach - Luxury Homes & Condos,"
119 Washington Ave, Miami Beach, FL 33139, United States",17864179257,http://www.catrodstein.com/,cat@catrodstein.com
Hylton Agencies,"
46 NW 36th St #2, Miami, FL 33127, United States",19547368008,http://www.hyltonagencies.com/,
London Foster,"
407 Lincoln Rd #10G, Miami Beach, FL 33139, United States",18445663663,http://www.joinlondonfoster.com/,"Bobby@LondonFoster.com, compliance@londonfoster.com"
Yilena Mendoza | Real Estate 55+ en Miami,"
1700 John F Kennedy Causeway #160, North Bay Village, FL 33141, United States",17864427626,http://www.yilenamendoza.com/,info@yilenamendoza.com
"Realtor Juan Rodriguez. Agente de Bienes Raices, Especialista y Asesor Inmobiliarios de Brickell Realty Group.","
2071 NW 112th Ave, Miami, FL 33172, United States",17866839685,http://www.realtorjuanrodriguez.com/,info@realtorjuanrodriguez.com
BrokerNation Real Estate North Miami,"
12955 Biscayne Blvd #100, North Miami, FL 33181, United States",13056024410,http://www.brokernation.net/,"info@brokernation.net, armando@brokernation.net, daylan@brokernation.net"
Guy Fernandes | Real Estate Broker,"
1600 SW 1st Ave APT 612, Miami, FL 33129, United States",13055889626,https://liveluxurymiami.com/,Info@liveluxurymiami.com
Trident Real Estate & Trident Management,"
800 West Ave C1, Miami Beach, FL 33139, United States",13055357599,http://www.tridentmiami.com/,
EXCLUSIVE PREMIER REALTY,"
1250 SW 27th Ave # 301, Miami, FL 33135, United States",18002885791,http://www.exclusivepremierrealty.com/,alex@exclusivepremierrealty.com
Ancona Real Estate Inc.,"
1666 John F Kennedy Causeway #200, Miami Beach, FL 33141, United States",13054568718,http://www.anconarealty.com/,info@anconarealty.com
The Gardens Corporate Center,"
1125 NE 125th St, North Miami, FL 33161, United States",17865585776,http://www.omegarmg.com/,
"Charter Club Realty, Inc.","
600 NE 36th St STE C2, Miami, FL 33137, United States",13055766252,http://charterclubrealty.com/,bayagent1@gmail.com
Mauro Silva PA Miami - Fort Lauderdale Realtor,"
1354 Washington Ave, Miami Beach, FL 33139, United States",17863267378,https://www.propertiesforsaleandrent.com/,
Miami Condo Investments,"
851 NE 1st Ave #3011, Miami, FL 33132, United States",13054283860,https://www.miamicondoinvestments.com/,INFO@MIAMICONDOINVESTMENTS.COM
"Sharon Colon, REALTOR MIAMI brokered by REAL Broker, LLC - Miami, FL | Real Estate Agent Miami","
10450 NW 33rd St, Doral, Miami, FL 33172, United States",17863762398,https://sharoncolonre.com/,COLONR.SHARON@GMAIL.COM
"Sharon Colon, REALTOR MIAMI brokered by REAL Broker, LLC - Miami, FL | Real Estate Agent Miami","
10450 NW 33rd St, Doral, Miami, FL 33172, United States",17863762398,https://sharoncolonre.com/,COLONR.SHARON@GMAIL.COM
Marjorie Galeano - Nest Seekers International,"
888 Biscayne Blvd, Miami, FL 33132, United States",13479826628,https://miamiluxuryhaven.com/,
Adrian Burke Luxury Real Estate | Sotheby's Realty,"
119 Washington Ave Suite 102, Miami Beach, FL 33139, United States",13053974733,https://adrianknowsmiamiluxury.com/,ABURKE@ONESOTHEBYSREALTY.COM
Terry & Terry Co. Condo Rentals + Real Estate Services,"
150 SE 2nd Ave Ste 300, Miami, FL 33131, United States",13059077028,http://www.terryterry.co/,Fernando@terryrealtyteam.com
Paula A. Arias,"
1110 Brickell Ave STE 208, Miami, FL 33131, United States",13059223108,http://paulaarias.us/,
"John and Ana Salt, The Salt Group - Real Estate Miami","
710 NE 126th St, North Miami, FL 33161, United States",13058906003,https://saltgroupfl.kw.com/,saltclientcare@gmail.com
EXCLUSIVE PREMIER REALTY,"
1250 SW 27th Ave # 301, Miami, FL 33135, United States",18002885791,http://www.exclusivepremierrealty.com/,alex@exclusivepremierrealty.com
Dayanne Costa | Real Estate Sales Agent Advisor | Miami & New York,"
2550 S Bayshore Dr STE 106, Coconut Grove, FL 33133, United States",16465983588,https://dayannecosta.com/,dayannecosta@compass.com
Jill Penman Group at ONE Sotheby's International Realty,"
3560 Main Hwy, Miami, FL 33133, United States",13058079199,https://www.jillpenman.com/,JILL@JILLPENMAN.COM
Interinvestments Realty,"
790 NW 107th Ave Suite 107, Miami, FL 33172, United States",13052201101,http://interinvestments.group/,emilio@interinvestments.group
Liz Hogan Group,"
2550 S Bayshore Dr STE 106, Miami, FL 33133, United States",13058049700,https://lizhogangroup.com/,info@listingmiami.com
Juan Carlos Romero - Miami Realtor,"
1000 Brickell Ave #200, Miami, FL 33131, United States",13059030728,http://www.gruporomerousa.com/,jromeroob@yahoo.com
Miami Real Estate Broker,"
1861 NW S River Dr, Miami, FL 33125, United States",13054698090,http://www.miamirealestatebroker.com/,jim@hitchcocksolutions.com
Alex Algarin - Miami Beach Real Estate,"
605 Lincoln Rd, Miami Beach, FL 33139, United States",17862957184,https://www.algaringroup.com/,
"Nicolas Piedra Buena, REALTOR","
1390 Brickell Ave Suite # 420, Miami, FL 33131, United States",13053041653,https://nicolaspiedrabuena.brickellbrokers.com/,info@brickellbrokers.com
Ricky Garcia TopRealEstateFL.com/miami,"
200 Biscayne Blvd Way APT 4703, Miami, FL 33131, United States",13053374259,https://rickymiami.com/,
Rebeca Cruz - Miami Realtor,"
2550 S Bayshore Dr STE 106, Miami, FL 33133, United States",17862586733,https://www.compass.com/agents/rebeca-cruz/?referrer=omnibox,rebeca.cruz@compass.com
Stratwell,"
17687 NW 78th Ave, Hialeah, FL 33015, United States",13054036430,http://stratwell.co/,
Guy Fernandes | Real Estate Broker,"
1600 SW 1st Ave APT 612, Miami, FL 33129, United States",13055889626,https://liveluxurymiami.com/,Info@liveluxurymiami.com
Jill Penman Group at ONE Sotheby's International Realty,"
3560 Main Hwy, Miami, FL 33133, United States",13058079199,https://www.jillpenman.com/,JILL@JILLPENMAN.COM
Gomez Realty Group,"
1900 N Bayshore Dr Suite 1A #142, Miami, FL 33132, United States",13053055678,https://www.gomezrealtygroup.com/,info@gomezrealtygroup.com
Interinvestments Realty,"
790 NW 107th Ave Suite 107, Miami, FL 33172, United States",13052201101,http://interinvestments.group/,emilio@interinvestments.group
Liz Hogan Group,"
2550 S Bayshore Dr STE 106, Miami, FL 33133, United States",13058049700,https://lizhogangroup.com/,info@listingmiami.com
Juan Carlos Romero - Miami Realtor,"
1000 Brickell Ave #200, Miami, FL 33131, United States",13059030728,http://www.gruporomerousa.com/,jromeroob@yahoo.com
Miami Real Estate Broker,"
1861 NW S River Dr, Miami, FL 33125, United States",13054698090,http://www.miamirealestatebroker.com/,jim@hitchcocksolutions.com
Alex Algarin - Miami Beach Real Estate,"
605 Lincoln Rd, Miami Beach, FL 33139, United States",17862957184,https://www.algaringroup.com/,
"Nicolas Piedra Buena, REALTOR","
1390 Brickell Ave Suite # 420, Miami, FL 33131, United States",13053041653,https://nicolaspiedrabuena.brickellbrokers.com/,info@brickellbrokers.com
Ricky Garcia TopRealEstateFL.com/miami,"
200 Biscayne Blvd Way APT 4703, Miami, FL 33131, United States",13053374259,https://rickymiami.com/,
Rebeca Cruz - Miami Realtor,"
2550 S Bayshore Dr STE 106, Miami, FL 33133, United States",17862586733,https://www.compass.com/agents/rebeca-cruz/?referrer=omnibox,rebeca.cruz@compass.com
Stratwell,"
17687 NW 78th Ave, Hialeah, FL 33015, United States",13054036430,http://stratwell.co/,
Guy Fernandes | Real Estate Broker,"
1600 SW 1st Ave APT 612, Miami, FL 33129, United States",13055889626,https://liveluxurymiami.com/,Info@liveluxurymiami.com
"Nicolas Piedra Buena, REALTOR","
1390 Brickell Ave Suite # 420, Miami, FL 33131, United States",13053041653,https://nicolaspiedrabuena.brickellbrokers.com/,info@brickellbrokers.com
London Foster,"
407 Lincoln Rd #10G, Miami Beach, FL 33139, United States",18445663663,http://www.joinlondonfoster.com/,"Bobby@LondonFoster.com, compliance@londonfoster.com"
Ricky Garcia TopRealEstateFL.com/miami,"
200 Biscayne Blvd Way APT 4703, Miami, FL 33131, United States",13053374259,https://rickymiami.com/,
Rebeca Cruz - Miami Realtor,"
2550 S Bayshore Dr STE 106, Miami, FL 33133, United States",17862586733,https://www.compass.com/agents/rebeca-cruz/?referrer=omnibox,rebeca.cruz@compass.com
Stratwell,"
17687 NW 78th Ave, Hialeah, FL 33015, United States",13054036430,http://stratwell.co/,
Guy Fernandes | Real Estate Broker,"
1600 SW 1st Ave APT 612, Miami, FL 33129, United States",13055889626,https://liveluxurymiami.com/,Info@liveluxurymiami.com
Stratwell,"
17687 NW 78th Ave, Hialeah, FL 33015, United States",13054036430,http://stratwell.co/,
BrokerNation Real Estate North Miami,"
12955 Biscayne Blvd #100, North Miami, FL 33181, United States",13056024410,http://www.brokernation.net/,"info@brokernation.net, armando@brokernation.net, daylan@brokernation.net"
Guy Fernandes | Real Estate Broker,"
1600 SW 1st Ave APT 612, Miami, FL 33129, United States",13055889626,https://liveluxurymiami.com/,Info@liveluxurymiami.com
