Name,Rating,ReviewCount,Category,Address,Hours,Phone
Miami Realty Solution Group,4.9,,4.9(186),"Real estate agency ·  · 90 SW 3rd St CU3
Open ⋅ Closes 6:30 pm · +1 305-728-0840",,+1 305-728-0840
Properties Miami,4.7,,4.7(40),"Real estate agency · 637 SW 3rd St APT 306
Open ⋅ Closes 10 pm · +1 786-505-4939",,+1 786-505-4939
"Florida Realty Of Miami, Corp.",4.7,,4.7(210),"Real estate agency ·  · 9415 Sunset Dr #236
Closes soon ⋅ 5 pm ⋅ Opens 9 am Fri · +1 305-598-5488",,+1 305-598-5488
David Freed Realtor | Miami Is Home | Keller Williams Realty,5.0,,5.0(122),"Real estate agency ·  · 45 SW 9th St Apt 3006
Open 24 hours · +1 954-263-8115",,+1 954-263-8115
Chariff Realty Group Commercial Miami Real Estate,4.9,,4.9(134),"Commercial real estate agency ·  · 5801 Biscayne Blvd
Open ⋅ Closes 8 pm · +1 305-576-7474",,+1 305-576-7474
Lauren Hershey - CRR REALTY,4.8,,4.8(45),"Real estate agency ·  · 1200 Brickell Ave Suite #700
Open ⋅ Closes 7 pm · +1 708-539-9319",,+1 708-539-9319
LG Realty Group Inc. Miami Luxury Real Estate,4.9,,4.9(33),"Real estate agency ·  · 3250 NE 1st Ave Unit 305
Open ⋅ Closes 7 pm · +1 305-890-6226",,+1 305-890-6226
Avanti Way Realty Brickell,4.7,,4.7(155),"Real estate agency ·  · 444 Brickell Ave Office P32
Open ⋅ Closes 6 pm · +1 305-733-9741",,+1 305-733-9741
Miami Luxury Homes,4.9,,4.9(62),"Real estate agency ·  · 3059 Grand Ave Suite 340
Open ⋅ Closes 9 pm · +1 305-350-9842",,+1 305-350-9842
"Sebastian Acosta, Realtor in Miami ️",5.0,,5.0(55),"Real estate agency ·  · 800 Brickell Ave Suite 525
Open ⋅ Closes 7 pm · +1 305-244-6222",,+1 305-244-6222
The World Realty,5.0,,5.0(30),"Real estate agency ·  · 1221 Brickell Ave Suite 900
Open 24 hours · +1 305-760-9121",,+1 305-760-9121
"Louis Urbina, PA - Realtor Associate at Avanti Way Realty in Miami, FL",5.0,,5.0(57),"Real estate agency ·  · 444 Brickell Ave P32
Open 24 hours · +1 786-355-7423",,+1 786-355-7423
Eric Farmelant - COMPASS,5.0,,5.0(105),"Real estate agency ·  · 2550 S Bayshore Dr STE 106
Open ⋅ Closes 9 pm · +1 954-850-3905",,+1 954-850-3905
Aleksandra Marzec,4.9,,4.9(81),"Real estate agency ·  · 1221 Brickell Ave Suite 900
Open 24 hours · +1 305-760-9121",,+1 305-760-9121
Coldwell Banker Realty: Oliver Ruiz,4.9,,4.9(59),"Real estate agent ·  · 4000 Ponce de Leon Suite 700
Open ⋅ Closes 6 pm · +1 305-984-4875",,+1 305-984-4875
DREAM LAND GROUP REAL ESTATE,4.9,,4.9(61),"Real estate agency ·  · 1100 Brickell Bay Dr
Open 24 hours · +1 305-417-5859",,+1 305-417-5859
Real Brokers Miami – Real Estate Broker & Concierge,5.0,,5.0(42),"Real estate agency ·  · 601 Brickell Key Dr #700
Open ⋅ Closes 7 pm · +1 305-423-9551",,+1 305-423-9551
Guillermo Teran Group Real Estate,5.0,,5.0(127),"Real estate agency ·  · 444 Brickell Ave Office P32
Open ⋅ Closes 8 pm · +1 305-457-9609",,+1 305-457-9609
Midtown Miami Realty,5.0,,5.0(60),"Real estate agent ·  · 121 NE 34th St
Open ⋅ Closes 9 pm · +1 305-302-4941",,+1 305-302-4941
Rina Rodriguez | Real Estate Agent | Miami | Buy • Sell • Rent • Invest | Bilingual: English & Spanish,4.8,,4.8(41),"Real estate agent ·  · 800 Brickell Ave Suite 525
Open 24 hours · +1 305-440-7407",,+1 305-440-7407
Jill Penman Group at ONE Sotheby's International Realty,4.6,,4.6(10),"Real estate agent · 3560 Main Highway
Open ⋅ Closes 9 PM · (305) 807-9199",,(305) 807-9199
Douglas Elliman - David Nguah Group,4.7,,4.7(3),"Real estate agency · 1111 Lincoln Road
Open ⋅ Closes 8 PM · (786) 200-3966",,(786) 200-3966
Eric Farmelant - COMPASS,5.0,,5.0(105),"Real estate agency ·  · 2550 S Bayshore Dr STE 106
Open ⋅ Closes 9 PM · +1 954-850-3905",,+1 954-850-3905
Amistad Real Estate Miami,4.8,,4.8(40),"Real estate agency ·  · 7951 Bird Rd # 208
Open ⋅ Closes 7 PM · +1 786-244-6844",,+1 786-244-6844
Real Brokers Miami – Real Estate Broker & Concierge,5.0,,5.0(42),"Real estate agency ·  · 601 Brickell Key Dr #700
Open ⋅ Closes 7 PM · +1 305-423-9551",,+1 305-423-9551
Casas en Miami - Bahia International Realty,4.9,,4.9(132),"Real estate agency ·  · 8400 NW 33rd St #105
Open ⋅ Closes 9 PM · +1 305-423-9954",,+1 305-423-9954
Matt Lill - Luxury Real Estate Agent - Corcoran Miami Beach - South Florida Expert,5.0,,5.0(50),"Real estate agency ·  · 1688 Meridian Ave Ste 400
Open ⋅ Closes 9 PM · +1 786-769-5025",,+1 786-769-5025
Trident Real Estate & Trident Management,4.5,,4.5(411),"Real estate agency · 800 West Ave C1
Closes soon ⋅ 5 PM ⋅ Opens 9 AM Fri · +1 305-535-7599",,+1 305-535-7599
"Louis Urbina, PA - Realtor Associate at Avanti Way Realty in Miami, FL",5.0,,5.0(57),"Real estate agency ·  · 444 Brickell Ave P32
Open 24 hours · +1 786-355-7423",,+1 786-355-7423
"Beautiful Miami Team, Kathrin Rein PA",4.7,,4.7(110),"Real estate consultant ·  · 2550 SW 27th Ave APT 101
Open 24 hours · +1 305-735-6939",,+1 305-735-6939
Midtown Miami Now,4.8,,4.8(30),"Real estate agency ·  · 3250 NE 1st Ave Unit 305
Open ⋅ Closes 7 PM · +1 305-890-6226",,+1 305-890-6226
The Opes Group at Compass,5.0,,5.0(260),"Real estate agency ·  · 1515 Sunset Dr Suite 40
Open 24 hours · +1 305-902-1874",,+1 305-902-1874
Monteiro International Realty Corp.,4.8,,4.8(29),"Real estate agency ·  · 1110 Brickell Ave STE 404
Closes soon ⋅ 5 PM ⋅ Opens 9 AM Fri · +1 305-385-6693",,+1 305-385-6693
Nelson Gonzalez | Miami Beach Luxury Real Estate,5.0,,5.0(21),"Real estate consultant ·  · 419 Arthur Godfrey Rd
Open ⋅ Closes 7 PM · +1 305-674-4040",,+1 305-674-4040
Riley Smith Group | Best Miami Realtors,4.8,,4.8(28),"Real estate agency ·  · 2550 S Bayshore Dr STE 106
Open 24 hours · +1 305-342-1623",,+1 305-342-1623
Jose Fuentes Real Estate Broker Fortune Christie's International,4.9,,4.9(63),"Real estate agency ·  · 1390 Brickell Ave #104
Open 24 hours · +1 786-439-6764",,+1 786-439-6764
Rina Rodriguez | Real Estate Agent | Miami | Buy • Sell • Rent • Invest | Bilingual: English & Spanish,4.8,,4.8(41),"Real estate agent ·  · 800 Brickell Ave Suite 525
Open 24 hours · +1 305-440-7407",,+1 305-440-7407
Guillermo Teran Group Real Estate,5.0,,5.0(127),"Real estate agency ·  · 444 Brickell Ave Office P32
Open ⋅ Closes 8 PM · +1 305-457-9609",,+1 305-457-9609
Miami Premier Realty,4.6,,4.6(13),"Real estate agency ·  · 7001 SW 97th Ave Suite 108
Closes soon ⋅ 5 PM ⋅ Opens 10 AM Fri · +1 786-268-1961",,+1 786-268-1961
Ancona Real Estate Inc.,4.9,,4.9(77),"Real estate agency ·  · 1666 John F Kennedy Causeway #200
Open ⋅ Closes 8 PM · +1 305-456-8718",,+1 305-456-8718
Equity Real Estate South Florida,4.7,,4.7(142),"Real estate agency ·  · 8950 SW 74th Ct Suite 2201
Open ⋅ Closes 9 PM · +1 786-281-6026",,+1 786-281-6026
NB Elite Realty LLC,4.7,,4.7(3),"Real estate agency · 1111 Lincoln Road
Open ⋅ Closes 8 PM · (786) 200-3966",,(786) 200-3966
Miami Real Estate - Jack Coden Group,4.9,,4.9(38),"Real estate agency ·  · 700 NE 90th St
Open 24 hours · +1 305-742-5225",,+1 305-742-5225
Miami Realtor Services | Jocsan Lopez,5.0,,5.0(29),"Real estate agency ·  · 5555 Biscayne Blvd # 302
Open ⋅ Closes 8 PM · +1 786-326-1198",,+1 786-326-1198
"Manulani C. Acosta, PA - We Are Miami, LLC.",5.0,,5.0(26),"Real estate agency · 5201 Waterford District Dr Ste. 812
Closes soon ⋅ 5 PM ⋅ Opens 10 AM Fri · +1 305-970-7757",,+1 305-970-7757
Hal Feldman - Miami Real Estate Agent,5.0,,5.0(49),"Real estate agency ·  · 5792 Sunset Dr
Open ⋅ Closes 10 PM · +1 786-693-2005",,+1 786-693-2005
United Real Estate Miami,3.8,,3.8(26),"Real estate agency ·  · 11430 N Kendall Dr #111
Closes soon ⋅ 5 PM ⋅ Opens 9 AM Fri · +1 305-273-9000",,+1 305-273-9000
Blackbook Properties,4.9,,4.9(209),"Real estate agency ·  · 1900 N Bayshore Dr Suite 1A #103
Open 24 hours · +1 786-400-2296",,+1 786-400-2296
Deconova Real Estate Brickell Miami FL,4.9,,4.9(35),"Real estate agency ·  · 1000 Brickell Ave SUITE 2D-200
Open ⋅ Closes 5 AM Fri · +1 786-581-3100",,+1 786-581-3100
SF Real Estate. US,5.0,,5.0(9),"Real estate agency ·  · 1110 Brickell Ave
Open ⋅ Closes 7 PM · +1 786-443-1449",,+1 786-443-1449
Abner Realty,4.9,,4.9(79),"Real estate agency ·  · 690 SW 1st Ct
Open ⋅ Closes 6 PM · +1 305-222-7513",,+1 305-222-7513
"Abraham Ash, Realtor",5.0,,5.0(61),"Real estate agency ·  · 495 Brickell Ave # 521
Open ⋅ Closes 9 PM · +1 305-586-9734",,+1 305-586-9734
Miami Realtor Patricia Vega,4.9,,4.9(63),"Real estate agency ·  · 8660 W Flagler St # 205
Open ⋅ Closes 7 PM · +1 305-773-1631",,+1 305-773-1631
"Charter Club Realty, Inc.",5.0,,5.0(65),"Real estate agency ·  · 600 NE 36th St STE C2
Open 24 hours · +1 305-576-6252",,+1 305-576-6252
Joe Biscaha - Joe Sells Miami - Compass,4.9,,4.9(47),"Real estate agency ·  · 605 Lincoln Rd 7th floor
Open ⋅ Closes 6 PM · +1 786-881-9894",,+1 786-881-9894
"Jose Luis Herrera - Realtor | Broker, Miami Office",5.0,,5.0(96),"Real estate agent ·  · 2470 NW 102nd Pl # 107
Open 24 hours · +1 786-332-0991",,+1 786-332-0991
SidSidan.RealEstate,5.0,,5.0(54),"Real estate agency ·  · 801 Brickell Ave Lobby Office
Closes soon ⋅ 5 PM ⋅ Opens 9:30 AM Fri · +1 305-890-0145",,+1 305-890-0145
Gravity Real Estate | Top Miami Realtors,5.0,,5.0(40),"Real estate agency ·  · 1390 S Dixie Hwy Suite 2218
Open 24 hours · +1 305-726-2100",,+1 305-726-2100
Cervera Real Estate Inc | Headquarters,3.9,,3.9(70),"Real estate agency ·  · 1450 S Miami Ave
Closes soon ⋅ 5 PM ⋅ Opens 9 AM Fri · +1 305-374-3434",,+1 305-374-3434
"Milton Andrade, REALTOR - Compass",5.0,,5.0(45),"Real estate agency ·  · 1655 SW 18th St
Open ⋅ Closes 7 PM · +1 785-530-3942",,+1 785-530-3942
Sarah Desamours - Miami Real Estate - SD Group At Compass,5.0,,5.0(40),"Real estate agent ·  · 2550 S Bayshore Dr STE 106
Open ⋅ Closes 7 PM · +1 305-363-6055",,+1 305-363-6055
Million | Redefine Lifestyle,5.0,,5.0(61),"Real estate agency ·  · 237 S Dixie Hwy 4th Fl Suite 465
Open ⋅ Closes 10 PM · +1 305-407-1415",,+1 305-407-1415
Smart Miami Realty LLC,4.9,,4.9(36),"Real estate agency ·  · 9831 NW 58th St UNIT 141
Open ⋅ Closes 6 PM · +1 786-300-6180",,+1 786-300-6180
Jerome Morlot PA - Miami Real Estate - Immobilier,5.0,,5.0(20),"Real estate agent ·  · 961 SW 7th St Apt 302
Open 24 hours · +1 786-564-7790",,+1 786-564-7790
"Manuel E Gonzalez, PA- Florida Realty Miami",4.9,,4.9(12),"Real estate agency ·  · 9415 SW 72nd St #236
Open 24 hours · +1 305-676-8543",,+1 305-676-8543
Marcelo Steinmander P.A | Miami Beach Real Estate Agent,5.0,,5.0(45),"Real estate agent ·  · 419 Arthur Godfrey Rd
Closes soon ⋅ 5 PM ⋅ Opens 9 AM Fri · +1 305-674-4127",,+1 305-674-4127
"JMC Real Estate Miami, Jorge Martinez de Castro, Licensed Real Estate Broker",5.0,,5.0(36),"Real estate agency ·  · 9100 S Dadeland Blvd suite 1500
Closes soon ⋅ 5 PM ⋅ Opens 9 AM Fri · +1 305-510-5589",,+1 305-510-5589
Sorymar Castillo | Your Favorite Miami Realtor,5.0,,5.0(46),"Real estate agent ·  · 999 Brickell Ave Ste. 840
Open ⋅ Closes 10 PM · +1 786-818-2081",,+1 786-818-2081
Phantom Real Estate,4.9,,4.9(129),"Real estate agency ·  · 9995 SW 72nd St STE 209
Closes soon ⋅ 5 PM ⋅ Opens 9 AM Fri · +1 305-595-6804",,+1 305-595-6804
APEX Capital Realty,5.0,,5.0(190),"Commercial real estate agency ·  · 561 NE 79th St Suite 420
Open ⋅ Closes 6 PM · +1 305-570-2600",,+1 305-570-2600
London Foster,4.3,,4.3(64),"Real estate agency ·  · 407 Lincoln Rd #10G
Open ⋅ Closes 9 PM · +1 844-566-3663",,+1 844-566-3663
Kennedy Realty Miami - Luxury Coral Gables Agents,4.8,,4.8(19),"Real estate agency
Open ⋅ Closes 8 PM · +1 786-882-2532",,+1 786-882-2532
"Matt McMillan, Realtor in Miami Beach - Coldwell Banker",5.0,,5.0(230),"Real estate agency ·  · 1682 Jefferson Ave
Open ⋅ Closes 7 PM · +1 305-775-8269",,+1 305-775-8269
Move Miami - Real Estate,4.8,,4.8(19),"Real estate agency ·  · 8660 W Flagler St STE 100
Open ⋅ Closes 6 PM · +1 305-301-0525",,+1 305-301-0525
"Natalie Mery, Miami Real Estate Agent",5.0,,5.0(28),"Real estate agent ·  · 398 NE 5th St 13th Floor
Open ⋅ Closes 6:30 PM · +1 305-905-9027",,+1 305-905-9027
Elite Real Estate Associates,5.0,,5.0(139),"Real estate agency ·  · 12905 SW 42nd St #207
Open ⋅ Closes 7 PM · +1 305-301-5100",,+1 305-301-5100
Jason Smith Showcase,5.0,,5.0(89),"Real estate agency ·  · 65 Morningside Dr
Open 24 hours · +1 786-326-8115",,+1 786-326-8115
LaFrance Louis Realty,5.0,,5.0(141),"Real estate agency ·  · 1221 Brickell Ave Brickell, Suite 900
Open 24 hours · +1 954-882-6478",,+1 954-882-6478
Howard Chase Real Estate,4.1,,4.1(43),"Real estate agency ·  · 1354 Washington Ave
Open 24 hours · +1 305-532-7470",,+1 305-532-7470
"Miami Metro Realty, LLC",5.0,,5.0(56),"Real estate agency ·  · 1535 SW 87th Ave
Open ⋅ Closes 8 PM · +1 305-707-4546",,+1 305-707-4546
REALZUN REALTY,4.9,,4.9(31),"Real estate agency ·  · 7630 W Flagler St office b
Closes soon ⋅ 5 PM ⋅ Opens 10 AM Fri · +1 786-853-0066",,+1 786-853-0066
RISE Realty,5.0,,5.0(21),"Commercial real estate agency ·  · 1111 Brickell Ave
Open ⋅ Closes 6:30 PM · +1 305-859-1606",,+1 305-859-1606
Dream Life Realty,4.5,,4.5(37),"Real estate agency ·  · 1701 Ponce de Leon #206
Open ⋅ Closes 6 PM",,
Centennial Realty Group - Real Estate Agents & Brokers Miami,5.0,,5.0(38),"Real estate agency ·  · 8200 NW 41st St Suite 200
Open 24 hours · +1 954-854-6668",,+1 954-854-6668
Adrian Burke Luxury Real Estate | Sotheby's Realty,4.9,,4.9(67),"Real estate agency ·  · 119 Washington Ave Suite 102
Open 24 hours · +1 305-397-4733",,+1 305-397-4733
"Jonathan Quintana, P.A",5.0,,5.0(109),"Real estate agent ·  · 3252 SW 2nd St
Open ⋅ Closes 7 PM · +1 305-801-1893",,+1 305-801-1893
The Branco Team - Miami Realtors,5.0,,5.0(40),"Real estate agent ·  · 2125 Biscayne Blvd Suite 348
Open 24 hours · +1 305-407-5351",,+1 305-407-5351
"Tony Scornavacca, Grove Properties",5.0,,5.0(49),"Real estate agency ·  · 3936 Main Hwy
Open 24 hours · +1 305-283-7112",,+1 305-283-7112
Interinvestments Realty,4.9,,4.9(38),"Real estate agency ·  · 790 NW 107th Ave Suite 107
Closes soon ⋅ 5 PM ⋅ Opens 9 AM Fri · +1 305-220-1101",,+1 305-220-1101
COSMORE - Real Estate Agency,4.7,,4.7(24),"Real estate agency ·  · 1200 Brickell Ave #250
Open ⋅ Closes 6 PM · +1 786-536-2344",,+1 786-536-2344
ONE Sotheby's International Realty,4.6,,4.6(11),"Real estate agency ·  · 800 Brickell Ave Suite 525
Closes soon ⋅ 5 PM ⋅ Opens 9 AM Fri · +1 305-859-3824",,+1 305-859-3824
"IQ Real Estate, LLC",5.0,,5.0(39),"Real estate agency ·  · 1925 Brickell Ave STE D205
Open ⋅ Closes 6 PM · +1 786-530-9371",,+1 786-530-9371
Lina & Elliot Group // Top Producing Miami Realtors,5.0,,5.0(21),"Real estate consultant ·  · 1111 Lincoln Rd #805
Open 24 hours · +1 626-757-4484",,+1 626-757-4484
Miami Grand Realty INC,5.0,,5.0(1),"Real estate agency ·  · 6855 SW 81st St
Closes soon ⋅ 5 PM ⋅ Opens 9 AM Fri · +1 954-540-3455",,+1 954-540-3455
Jessica Bazan - Miami Real Estate,5.0,,5.0(12),"Real estate consultant ·  · 700 NE 90th St
Open ⋅ Closes 7 PM · +1 786-213-5333",,+1 786-213-5333
Century 21 World Connection,4.8,,4.8(29),"Real estate agency ·  · 10701 SW 104th St
Open ⋅ Closes 7 PM · +1 786-900-0155",,+1 786-900-0155
Miami Real Estate Agency,5.0,,5.0(1),"Real estate agency ·  · 930 Washington Ave SUITE 203
Closes soon ⋅ 5 PM ⋅ Opens 8 AM Fri · +1 786-322-8399",,+1 786-322-8399
Tina Hyde Miami Realty,4.8,,4.8(21),"Real estate agency ·  · 150 SE 2nd Ave 3rd floor
Closes soon ⋅ 5 PM ⋅ Opens 9 AM Fri",,
MIAMI DREAM PROPERTIES,4.5,,4.5(17),"Real estate agency ·  · 218 NW 24th St
Closed ⋅ Opens 10 AM Fri · +1 305-728-8800",,+1 305-728-8800
Interealty Exchange Inc,4.6,,4.6(19),"Real estate agency ·  · 460 NE 28th St CU1
Open ⋅ Closes 6 PM · +1 786-717-4417",,+1 786-717-4417
The Valenzuela Real Estate Group,5.0,,5.0(146),"Real estate agency ·  · 730 NW 107th Ave #410
Closes soon ⋅ 5 PM ⋅ Opens 9 AM Fri · +1 305-776-4866",,+1 305-776-4866
Miami Real Estate Trends,5.0,,5.0(29),"Real estate agent ·  · 110 Washington Ave
Open ⋅ Closes 7 PM · +1 305-571-6319",,+1 305-571-6319
Fortune Real Estate Services,5.0,,5.0(91),"Industrial real estate agency ·  · 801 Brickell Bay Dr APT 1966
Open ⋅ Closes 6 PM · +1 305-587-4200",,+1 305-587-4200
Miami Real Estate Broker,5.0,,5.0(5),"Real estate agency ·  · 1861 NW S River Dr
Open 24 hours · +1 305-469-8090",,+1 305-469-8090
Stefania Mogollon,5.0,,5.0(82),"Real estate agent ·  · 79 SW 12th St APT 1706
Open ⋅ Closes 7 PM · +1 305-306-7205",,+1 305-306-7205
Elizabeth Mesa - Miami Realtor,4.9,,4.9(33),"Real estate agent ·  · 800 Brickell Ave Suite 525
Open 24 hours · +1 305-804-1549",,+1 305-804-1549
Miami Real Estate Agent & Coach | Hans Waisfeld,5.0,,5.0(66),"Industrial real estate agency ·  · 920 Bay Dr apt 8
Open ⋅ Closes 7 PM · +1 305-497-2352",,+1 305-497-2352
ROCCA REAL ESTATE,5.0,,5.0(38),"Real estate agent ·  · 1221 Brickell Ave Suite 900
Open ⋅ Closes 8 PM · +1 310-977-7993",,+1 310-977-7993
Jenny Serra Realtor,4.9,,4.9(37),"Real estate agent · 601 Brickell Key Dr #700
Open 24 hours · +1 305-979-1851",,+1 305-979-1851
Address Real Estate LLC,5.0,,5.0(6),"Real estate agent ·  · 55 Merrick Way Suite 202A- 2
Open 24 hours · +1 786-664-8661",,+1 786-664-8661
Terry & Terry Co. Condo Rentals + Real Estate Services,4.7,,4.7(25),"Condominium rental agency ·  · 150 SE 2nd Ave Ste 300
Open 24 hours · +1 305-907-7028",,+1 305-907-7028
BrokerNation Real Estate Doral,5.0,,5.0(117),"Real estate agency ·  · 2555 NW 102nd Ave Suite 100
Closes soon ⋅ 5 PM ⋅ Opens 9 AM Fri · +1 305-508-9893",,+1 305-508-9893
EXCLUSIVE PREMIER REALTY,5.0,,5.0(10),"Real estate agency ·  · 1250 SW 27th Ave # 301
Open ⋅ Closes 6 PM · +1 800-288-5791",,+1 800-288-5791
Gomez Realty Group,4.8,,4.8(23),"Real estate agency ·  · 1900 N Bayshore Dr Suite 1A #142
Open ⋅ Closes 7 PM · +1 305-305-5678",,+1 305-305-5678
"Sharon Colon, REALTOR MIAMI brokered by REAL Broker, LLC - Miami, FL | Real Estate Agent Miami",5.0,,5.0(29),"Real estate agent ·  · 10450 NW 33rd St, Doral
Open ⋅ Closes 7 PM · +1 786-376-2398",,+1 786-376-2398
Cristian Chavez & Nik Alvarez Realtors from Miami Home Hub with Keller Williams Realty,5.0,,5.0(65),"Real estate agent ·  · 550 Biltmore Way PH2
Open ⋅ Closes 7 PM · +1 786-214-1087",,+1 786-214-1087
Julia Grollier - Realtor Miami Florida,4.9,,4.9(44),"Real estate agent ·  · 325 S Biscayne Blvd #200
Open ⋅ Closes 6 PM · +1 321-732-1557",,+1 321-732-1557
The 305 Agency | Real Estate | Miami,5.0,,5.0(22),"Real estate agency ·  · 910 West Ave
Open 24 hours · +1 305-713-9891",,+1 305-713-9891
Urbanize Properties Corp,5.0,,5.0(58),"Commercial real estate agency ·  · 860 NE 74th St
Open ⋅ Closes 6 PM · +1 305-318-6366",,+1 305-318-6366
Coldwell Banker Realty - Miami Beach Lincoln Building,4.4,,4.4(18),"Real estate agency ·  · 1682 Jefferson Ave
Closes soon ⋅ 5 PM ⋅ Opens 9 AM Fri · +1 305-672-6300",,+1 305-672-6300
LoKation Real Estate,3.0,,3.0(4),"Real estate agency ·  · 1900 N Bayshore Dr Suite 120
Closes soon ⋅ 5 PM ⋅ Opens 8:30 AM Fri · +1 305-420-6613",,+1 305-420-6613
Kelby Contreras | Florida's Luxury Real Estate Specialist,5.0,,5.0(19),"Real estate agent ·  · 605 Lincoln Rd
Open ⋅ Closes 8 PM · +1 754-777-8166",,+1 754-777-8166
Atlantic Square,5.0,,5.0(2),"Apartment Letting Agency · 777 Northwest 2nd Avenue
Open ⋅ Closes 6 pm · (305) 306-4691",,(305) 306-4691
Jill Penman Group at ONE Sotheby's International Realty,4.6,,4.6(10),"Estate agent · 3560 Main Highway
Open ⋅ Closes 9 pm · (305) 807-9199",,(305) 807-9199
Lauren Hershey - CRR REALTY,4.8,,4.8(45),"Real estate agency ·  · 1200 Brickell Ave Suite #700
Open ⋅ Closes 7 pm · +1 708-539-9319",,+1 708-539-9319
Miami Realty Solution Group,4.9,,4.9(186),"Real estate agency ·  · 90 SW 3rd St CU3
Open ⋅ Closes 6:30 pm · +1 305-728-0840",,+1 305-728-0840
Chariff Realty Group Commercial Miami Real Estate,4.9,,4.9(134),"Commercial real estate agency ·  · 5801 Biscayne Blvd
Open ⋅ Closes 8 pm · +1 305-576-7474",,+1 305-576-7474
"Sebastian Acosta, Realtor in Miami ️",5.0,,5.0(55),"Real estate agency ·  · 800 Brickell Ave Suite 525
Open ⋅ Closes 7 pm · +1 305-244-6222",,+1 305-244-6222
David Freed Realtor | Miami Is Home | Keller Williams Realty,5.0,,5.0(122),"Real estate agency ·  · 45 SW 9th St Apt 3006
Open 24 hours · +1 954-263-8115",,+1 954-263-8115
Avanti Way Realty Brickell,4.7,,4.7(155),"Real estate agency ·  · 444 Brickell Ave Office P32
Open ⋅ Closes 6 pm · +1 305-733-9741",,+1 305-733-9741
LG Realty Group Inc. Miami Luxury Real Estate,4.9,,4.9(33),"Real estate agency ·  · 3250 NE 1st Ave Unit 305
Open ⋅ Closes 7 pm · +1 305-890-6226",,+1 305-890-6226
Real Brokers Miami – Real Estate Broker & Concierge,5.0,,5.0(42),"Real estate agency ·  · 601 Brickell Key Dr #700
Open ⋅ Closes 7 pm · +1 305-423-9551",,+1 305-423-9551
Properties Miami,4.7,,4.7(40),"Real estate agency · 637 SW 3rd St APT 306
Open ⋅ Closes 10 pm · +1 786-505-4939",,+1 786-505-4939
Eric Farmelant - COMPASS,5.0,,5.0(105),"Real estate agency ·  · 2550 S Bayshore Dr STE 106
Open ⋅ Closes 9 pm · +1 954-850-3905",,+1 954-850-3905
Coldwell Banker Realty: Oliver Ruiz,4.9,,4.9(59),"Real estate agent ·  · 4000 Ponce de Leon Suite 700
Open ⋅ Closes 6 pm · +1 305-984-4875",,+1 305-984-4875
Miami Real Estate - Jack Coden Group,4.9,,4.9(38),"Real estate agency ·  · 700 NE 90th St
Open 24 hours · +1 305-742-5225",,+1 305-742-5225
Riley Smith Group | Best Miami Realtors,4.8,,4.8(28),"Real estate agency ·  · 2550 S Bayshore Dr STE 106
Open 24 hours · +1 305-342-1623",,+1 305-342-1623
"Louis Urbina, PA - Realtor Associate at Avanti Way Realty in Miami, FL",5.0,,5.0(57),"Real estate agency ·  · 444 Brickell Ave P32
Open 24 hours · +1 786-355-7423",,+1 786-355-7423
Rina Rodriguez | Real Estate Agent | Miami | Buy • Sell • Rent • Invest | Bilingual: English & Spanish,4.8,,4.8(41),"Real estate agent ·  · 800 Brickell Ave Suite 525
Open 24 hours · +1 305-440-7407",,+1 305-440-7407
Nancy Batchelor Team,5.0,,5.0(181),"Real estate agency ·  · 605 Lincoln Rd Floor 7
Open ⋅ Closes 7 pm · +1 305-903-2850",,+1 305-903-2850
Miami Realtor Services | Jocsan Lopez,5.0,,5.0(29),"Real estate agency ·  · 5555 Biscayne Blvd # 302
Open ⋅ Closes 8 pm · +1 786-326-1198",,+1 786-326-1198
The World Realty,5.0,,5.0(30),"Real estate agency ·  · 1221 Brickell Ave Suite 900
Open 24 hours · +1 305-760-9121",,+1 305-760-9121
Guillermo Teran Group Real Estate,5.0,,5.0(127),"Real estate agency ·  · 444 Brickell Ave Office P32
Open ⋅ Closes 8 pm · +1 305-457-9609",,+1 305-457-9609
"Florida Realty Of Miami, Corp.",4.7,,4.7(210),"Real estate agency ·  · 9415 Sunset Dr #236
Closes soon ⋅ 5 pm ⋅ Opens 9 am Fri · +1 305-598-5488",,+1 305-598-5488
Jill Penman Group at ONE Sotheby's International Realty,4.6,,4.6(10),"Real estate agent · 3560 Main Highway
Open ⋅ Closes 9 PM · (305) 807-9199",,(305) 807-9199
Atlantic Square,5.0,,5.0(2),"Apartment rental agency · 777 Northwest 2nd Avenue
Open ⋅ Closes 6 PM · (305) 306-4691",,(305) 306-4691
Jose Fuentes Real Estate Broker Fortune Christie's International,4.9,,4.9(63),"Real estate agency ·  · 1390 Brickell Ave #104
Open 24 hours · +1 786-439-6764",,+1 786-439-6764
Guillermo Teran Group Real Estate,5.0,,5.0(127),"Real estate agency ·  · 444 Brickell Ave Office P32
Open ⋅ Closes 8 PM · +1 305-457-9609",,+1 305-457-9609
Sarah Desamours - Miami Real Estate - SD Group At Compass,5.0,,5.0(40),"Real estate agent ·  · 2550 S Bayshore Dr STE 106
Open ⋅ Closes 7 PM · +1 305-363-6055",,+1 305-363-6055
Rina Rodriguez | Real Estate Agent | Miami | Buy • Sell • Rent • Invest | Bilingual: English & Spanish,4.8,,4.8(41),"Real estate agent ·  · 800 Brickell Ave Suite 525
Open 24 hours · +1 305-440-7407",,+1 305-440-7407
Miami Real Estate - Jack Coden Group,4.9,,4.9(38),"Real estate agency ·  · 700 NE 90th St
Open 24 hours · +1 305-742-5225",,+1 305-742-5225
Nancy Batchelor Team,5.0,,5.0(181),"Real estate agency ·  · 605 Lincoln Rd Floor 7
Open ⋅ Closes 7 PM · +1 305-903-2850",,+1 305-903-2850
Mariana Garber PA at Coldwell Banker Global Luxury Miami,4.9,,4.9(62),"Real estate agency ·  · 328 Crandon Blvd Ste 127
Open 24 hours · +1 786-280-2770",,+1 786-280-2770
"Beautiful Miami Team, Kathrin Rein PA",4.7,,4.7(110),"Real estate consultant ·  · 2550 SW 27th Ave APT 101
Open 24 hours · +1 305-735-6939",,+1 305-735-6939
"Dania Diaz, Realtor - RE/MAX Advance Realty",5.0,,5.0(122),"Real estate agent ·  · 5796 Sunset Dr
Open 24 hours · +1 786-380-5180",,+1 786-380-5180
Miami Realtor Patricia Vega,4.9,,4.9(63),"Real estate agency ·  · 8660 W Flagler St # 205
Open ⋅ Closes 7 PM · +1 305-773-1631",,+1 305-773-1631
The Opes Group at Compass,5.0,,5.0(260),"Real estate agency ·  · 1515 Sunset Dr Suite 40
Open 24 hours · +1 305-902-1874",,+1 305-902-1874
Miami Realtor Services | Jocsan Lopez,5.0,,5.0(29),"Real estate agency ·  · 5555 Biscayne Blvd # 302
Open ⋅ Closes 8 PM · +1 786-326-1198",,+1 786-326-1198
Matt Lill - Luxury Real Estate Agent - Corcoran Miami Beach - South Florida Expert,5.0,,5.0(50),"Real estate agency ·  · 1688 Meridian Ave Ste 400
Open ⋅ Closes 9 PM · +1 786-769-5025",,+1 786-769-5025
Properties of Miami,5.0,,5.0(51),"Real estate agency ·  · 8950 SW 74th Ct Suite 2201
Open 24 hours · +1 786-715-8190",,+1 786-715-8190
Gabriela Fruchtermann PA,4.9,,4.9(56),"Real estate agency ·  · 2822 NW 79th Ave
Open ⋅ Closes 6 PM · +1 786-438-9895",,+1 786-438-9895
Million | Redefine Lifestyle,5.0,,5.0(61),"Real estate agency ·  · 237 S Dixie Hwy 4th Fl Suite 465
Open ⋅ Closes 10 PM · +1 305-407-1415",,+1 305-407-1415
"JMC Real Estate Miami, Jorge Martinez de Castro, Licensed Real Estate Broker",5.0,,5.0(36),"Real estate agency ·  · 9100 S Dadeland Blvd suite 1500
Closes soon ⋅ 5 PM ⋅ Opens 9 AM Fri · +1 305-510-5589",,+1 305-510-5589
Nelson Gonzalez | Miami Beach Luxury Real Estate,5.0,,5.0(21),"Real estate consultant ·  · 419 Arthur Godfrey Rd
Open ⋅ Closes 7 PM · +1 305-674-4040",,+1 305-674-4040
Sorymar Castillo | Your Favorite Miami Realtor,5.0,,5.0(46),"Real estate agent ·  · 999 Brickell Ave Ste. 840
Open ⋅ Closes 10 PM · +1 786-818-2081",,+1 786-818-2081
"Jonathan Quintana, P.A",5.0,,5.0(109),"Real estate agent ·  · 3252 SW 2nd St
Open ⋅ Closes 7 PM · +1 305-801-1893",,+1 305-801-1893
"Charter Club Realty, Inc.",5.0,,5.0(65),"Real estate agency ·  · 600 NE 36th St STE C2
Open 24 hours · +1 305-576-6252",,+1 305-576-6252
"Louis Urbina, PA - Realtor Associate at Avanti Way Realty in Miami, FL",5.0,,5.0(57),"Real estate agency ·  · 444 Brickell Ave P32
Open 24 hours · +1 786-355-7423",,+1 786-355-7423
Elite Ocean View Realty,4.9,,4.9(56),"Real estate agency ·  · 210 71st St suite 305
Closes soon ⋅ 5 PM ⋅ Opens 8 AM Fri · +1 305-600-1278",,+1 305-600-1278
Amistad Real Estate Miami,4.8,,4.8(40),"Real estate agency ·  · 7951 Bird Rd # 208
Open ⋅ Closes 7 PM · +1 786-244-6844",,+1 786-244-6844
Marcelo Steinmander P.A | Miami Beach Real Estate Agent,5.0,,5.0(45),"Real estate agent ·  · 419 Arthur Godfrey Rd
Closes soon ⋅ 5 PM ⋅ Opens 9 AM Fri · +1 305-674-4127",,+1 305-674-4127
Centennial Realty Group - Real Estate Agents & Brokers Miami,5.0,,5.0(38),"Real estate agency ·  · 8200 NW 41st St Suite 200
Open 24 hours · +1 954-854-6668",,+1 954-854-6668
Joe Biscaha - Joe Sells Miami - Compass,4.9,,4.9(47),"Real estate agency ·  · 605 Lincoln Rd 7th floor
Open ⋅ Closes 6 PM · +1 786-881-9894",,+1 786-881-9894
"Abraham Ash, Realtor",5.0,,5.0(61),"Real estate agency ·  · 495 Brickell Ave # 521
Open ⋅ Closes 9 PM · +1 305-586-9734",,+1 305-586-9734
"Natalie Mery, Miami Real Estate Agent",5.0,,5.0(28),"Real estate agent ·  · 398 NE 5th St 13th Floor
Open ⋅ Closes 6:30 PM · +1 305-905-9027",,+1 305-905-9027
"Manuel E Gonzalez, PA- Florida Realty Miami",4.9,,4.9(12),"Real estate agency ·  · 9415 SW 72nd St #236
Open 24 hours · +1 305-676-8543",,+1 305-676-8543
Adrian Burke Luxury Real Estate | Sotheby's Realty,4.9,,4.9(67),"Real estate agency ·  · 119 Washington Ave Suite 102
Open 24 hours · +1 305-397-4733",,+1 305-397-4733
Gravity Real Estate | Top Miami Realtors,5.0,,5.0(40),"Real estate agency ·  · 1390 S Dixie Hwy Suite 2218
Open 24 hours · +1 305-726-2100",,+1 305-726-2100
The Branco Team - Miami Realtors,5.0,,5.0(40),"Real estate agent ·  · 2125 Biscayne Blvd Suite 348
Open 24 hours · +1 305-407-5351",,+1 305-407-5351
"Miami Metro Realty, LLC",5.0,,5.0(56),"Real estate agency ·  · 1535 SW 87th Ave
Open ⋅ Closes 8 PM · +1 305-707-4546",,+1 305-707-4546
Julia Grollier - Realtor Miami Florida,4.9,,4.9(44),"Real estate agent ·  · 325 S Biscayne Blvd #200
Open ⋅ Closes 6 PM · +1 321-732-1557",,+1 321-732-1557
"Jose Luis Herrera - Realtor | Broker, Miami Office",5.0,,5.0(96),"Real estate agent ·  · 2470 NW 102nd Pl # 107
Open 24 hours · +1 786-332-0991",,+1 786-332-0991
Casas en Miami - Bahia International Realty,4.9,,4.9(132),"Real estate agency ·  · 8400 NW 33rd St #105
Open ⋅ Closes 9 PM · +1 305-423-9954",,+1 305-423-9954
"First Class Real Estate, LLC",4.8,,4.8(95),"Real estate agency ·  · 12944 W Dixie Hwy
Open ⋅ Closes 10 PM · +1 305-433-5686",,+1 305-433-5686
Howard Chase Real Estate,4.1,,4.1(43),"Real estate agency ·  · 1354 Washington Ave
Open 24 hours · +1 305-532-7470",,+1 305-532-7470
"Milton Andrade, REALTOR - Compass",5.0,,5.0(45),"Real estate agency ·  · 1655 SW 18th St
Open ⋅ Closes 7 PM · +1 785-530-3942",,+1 785-530-3942
Jessica Bazan - Miami Real Estate,5.0,,5.0(12),"Real estate consultant ·  · 700 NE 90th St
Open ⋅ Closes 7 PM · +1 786-213-5333",,+1 786-213-5333
Cristian Chavez & Nik Alvarez Realtors from Miami Home Hub with Keller Williams Realty,5.0,,5.0(65),"Real estate agent ·  · 550 Biltmore Way PH2
Open ⋅ Closes 7 PM · +1 786-214-1087",,+1 786-214-1087
Miami Real Estate Agent Bryan Roach,5.0,,5.0(92),"Real estate agent ·  · 8180 NW 36th St #308
Open 24 hours · +1 305-439-6211",,+1 305-439-6211
"Matt McMillan, Realtor in Miami Beach - Coldwell Banker",5.0,,5.0(230),"Real estate agency ·  · 1682 Jefferson Ave
Open ⋅ Closes 7 PM · +1 305-775-8269",,+1 305-775-8269
Abner Realty,4.9,,4.9(79),"Real estate agency ·  · 690 SW 1st Ct
Open ⋅ Closes 6 PM · +1 305-222-7513",,+1 305-222-7513
NB Elite Realty LLC,4.9,,4.9(17),"Real estate agency ·  · 1101 Brickell Ave
Closes soon ⋅ 5:30 PM ⋅ Opens 9 AM Fri · +1 844-444-6237",,+1 844-444-6237
COSMORE - Real Estate Agency,4.7,,4.7(24),"Real estate agency ·  · 1200 Brickell Ave #250
Open ⋅ Closes 6 PM · +1 786-536-2344",,+1 786-536-2344
Equity Real Estate South Florida,4.7,,4.7(142),"Real estate agency ·  · 8950 SW 74th Ct Suite 2201
Open ⋅ Closes 9 PM · +1 786-281-6026",,+1 786-281-6026
"Hector Chinea, Realtor powered by Real Broker LLC",5.0,,5.0(62),"Real estate agent ·  · 8567 Coral Wy #256
Open ⋅ Closes 7 PM · +1 786-236-4268",,+1 786-236-4268
Hal Feldman - Miami Real Estate Agent,5.0,,5.0(49),"Real estate agency ·  · 5792 Sunset Dr
Open ⋅ Closes 10 PM · +1 786-693-2005",,+1 786-693-2005
"Manulani C. Acosta, PA - We Are Miami, LLC.",5.0,,5.0(26),"Real estate agency · 5201 Waterford District Dr Ste. 812
Closes soon ⋅ 5 PM ⋅ Opens 10 AM Fri · +1 305-970-7757",,+1 305-970-7757
WiseCat Realtors,4.7,,4.7(45),"Real estate agency ·  · 1354 Washington Ave #220
Open 24 hours · +1 305-523-9323",,+1 305-523-9323
Lina & Elliot Group // Top Producing Miami Realtors,5.0,,5.0(21),"Real estate consultant ·  · 1111 Lincoln Rd #805
Open 24 hours · +1 626-757-4484",,+1 626-757-4484
REALZUN REALTY,4.9,,4.9(31),"Real estate agency ·  · 7630 W Flagler St office b
Closes soon ⋅ 5 PM ⋅ Opens 10 AM Fri · +1 786-853-0066",,+1 786-853-0066
Florida New Dream Corp | Real Estate Agency in North Miami,4.9,,4.9(36),"Real estate agency ·  · 12955 Biscayne Blvd Ste 410-4
Closes soon ⋅ 5 PM ⋅ Opens 9 AM Fri · +1 786-762-4249",,+1 786-762-4249
The Space Brokers,4.9,,4.9(22),"Real estate agency ·  · 333 SE 2nd Ave STE 2000
Open ⋅ Closes 7 PM · +1 305-646-9653",,+1 305-646-9653
Tatiana Costa P.A. | #CostaGroup,5.0,,5.0(27),"Real estate agency ·  · Fortune Christie’s International Real Estate, 1390 Brickell Ave #104
Open 24 hours · +1 305-733-8990",,+1 305-733-8990
Jerome Morlot PA - Miami Real Estate - Immobilier,5.0,,5.0(20),"Real estate agent ·  · 961 SW 7th St Apt 302
Open 24 hours · +1 786-564-7790",,+1 786-564-7790
Monteiro International Realty Corp.,4.8,,4.8(29),"Real estate agency ·  · 1110 Brickell Ave STE 404
Closes soon ⋅ 5 PM ⋅ Opens 9 AM Fri · +1 305-385-6693",,+1 305-385-6693
Sean Fitzgerald - Miami Real Estate Agent,5.0,,5.0(27),"Real estate agent ·  · 45 SW 9th St
Open 24 hours · +1 716-517-6064",,+1 716-517-6064
OfCourseMiami - Immobilier / Real Estate,5.0,,5.0(86),"Real estate agency ·  · 927 Lincoln Rd #200
Open ⋅ Closes 6 PM · +1 305-934-2870",,+1 305-934-2870
Alex Rojas - Keller Williams Real Estate Agent,5.0,,5.0(41),"Real estate agent ·  · 2384 SW 4th St
Open ⋅ Closes 6 PM · +1 786-558-6150",,+1 786-558-6150
Interealty Exchange Inc,4.6,,4.6(19),"Real estate agency ·  · 460 NE 28th St CU1
Open ⋅ Closes 6 PM · +1 786-717-4417",,+1 786-717-4417
Move Miami - Real Estate,4.8,,4.8(19),"Real estate agency ·  · 8660 W Flagler St STE 100
Open ⋅ Closes 6 PM · +1 305-301-0525",,+1 305-301-0525
Jenny Serra Realtor,4.9,,4.9(37),"Real estate agent · 601 Brickell Key Dr #700
Open 24 hours · +1 305-979-1851",,+1 305-979-1851
"IQ Real Estate, LLC",5.0,,5.0(39),"Real estate agency ·  · 1925 Brickell Ave STE D205
Open ⋅ Closes 6 PM · +1 786-530-9371",,+1 786-530-9371
Miami Real Estate Agent & Coach | Hans Waisfeld,5.0,,5.0(66),"Industrial real estate agency ·  · 920 Bay Dr apt 8
Open ⋅ Closes 7 PM · +1 305-497-2352",,+1 305-497-2352
LaFrance Louis Realty,5.0,,5.0(141),"Real estate agency ·  · 1221 Brickell Ave Brickell, Suite 900
Open 24 hours · +1 954-882-6478",,+1 954-882-6478
Cervera Real Estate Inc | Headquarters,3.9,,3.9(70),"Real estate agency ·  · 1450 S Miami Ave
Closes soon ⋅ 5 PM ⋅ Opens 9 AM Fri · +1 305-374-3434",,+1 305-374-3434
Miami Waterfront Realty,5.0,,5.0(26),"Real estate agency ·  · 13205 NE 16th Ave
Open ⋅ Closes 10 PM · +1 305-970-2884",,+1 305-970-2884
Thine Agency,4.8,,4.8(38),"Real estate agency ·  · 225 Collins Ave #101
Open ⋅ Closes 6 PM · +1 305-609-5500",,+1 305-609-5500
"Anthony Spitaleri, Miami, Florida Realtor",5.0,,5.0(20),"Real estate agency ·  · 420 Lincoln Rd
Open ⋅ Closes 9 PM · +1 954-235-5783",,+1 954-235-5783
Jason Smith Showcase,5.0,,5.0(89),"Real estate agency ·  · 65 Morningside Dr
Open 24 hours · +1 786-326-8115",,+1 786-326-8115
The 305 Agency | Real Estate | Miami,5.0,,5.0(22),"Real estate agency ·  · 910 West Ave
Open 24 hours · +1 305-713-9891",,+1 305-713-9891
Miami Real Estate Agency,5.0,,5.0(1),"Real estate agency ·  · 930 Washington Ave SUITE 203
Closes soon ⋅ 5 PM ⋅ Opens 8 AM Fri · +1 786-322-8399",,+1 786-322-8399
Midtown Miami Now,4.8,,4.8(30),"Real estate agency ·  · 3250 NE 1st Ave Unit 305
Open ⋅ Closes 7 PM · +1 305-890-6226",,+1 305-890-6226
Miami Real Estate Broker,5.0,,5.0(5),"Real estate agency ·  · 1861 NW S River Dr
Open 24 hours · +1 305-469-8090",,+1 305-469-8090
EXCLUSIVE PREMIER REALTY,5.0,,5.0(10),"Real estate agency ·  · 1250 SW 27th Ave # 301
Open ⋅ Closes 6 PM · +1 800-288-5791",,+1 800-288-5791
SF Real Estate. US,5.0,,5.0(9),"Real estate agency ·  · 1110 Brickell Ave
Open ⋅ Closes 7 PM · +1 786-443-1449",,+1 786-443-1449
Daniela Silva Real Estate - Miami Realtor,5.0,,5.0(10),"Real estate agency ·  · 1900 N Bayshore Dr
Open ⋅ Closes 7:30 PM · +1 786-316-3703",,+1 786-316-3703
Carlton International Real Estate,5.0,,5.0(14),"Real estate agency ·  · 333 SE 2nd Ave STE 2000
Open ⋅ Closes 6:30 PM · +1 305-735-1221",,+1 305-735-1221
Maria Macias- Compass Miami Realtor,5.0,,5.0(31),"Real estate agent ·  · 1515 Sunset Dr Suite 40
Open 24 hours · +1 786-402-7482",,+1 786-402-7482
Alain Oliveros P.A Miami Luxury Real Estate Agent,5.0,,5.0(11),"Real estate agent ·  · 255 Alhambra Cir
Open 24 hours · +1 786-925-0466",,+1 786-925-0466
Diana Tello Miami Real Estate Agent,5.0,,5.0(12),"Real estate agent ·  · 951 Brickell Ave
Open ⋅ Closes 7 PM · +1 919-200-5027",,+1 919-200-5027
The Valenzuela Real Estate Group,5.0,,5.0(146),"Real estate agency ·  · 730 NW 107th Ave #410
Closes soon ⋅ 5 PM ⋅ Opens 9 AM Fri · +1 305-776-4866",,+1 305-776-4866
Mayell Real Estate Miami,5.0,,5.0(20),"Real estate agency ·  · 78 SW 7th St Fl 4
Open 24 hours · +1 929-220-2068",,+1 929-220-2068
C21 Dorar Realty,5.0,,5.0(48),"Real estate agency ·  · 7281 Coral Wy
Open now · +1 305-264-6000",,+1 305-264-6000
Stefania Mogollon,5.0,,5.0(82),"Real estate agent ·  · 79 SW 12th St APT 1706
Open ⋅ Closes 7 PM · +1 305-306-7205",,+1 305-306-7205
Trident Real Estate & Trident Management,4.5,,4.5(411),"Real estate agency · 800 West Ave C1
Closes soon ⋅ 5 PM ⋅ Opens 9 AM Fri · +1 305-535-7599",,+1 305-535-7599
Gomez Realty Group,4.8,,4.8(23),"Real estate agency ·  · 1900 N Bayshore Dr Suite 1A #142
Open ⋅ Closes 7 PM · +1 305-305-5678",,+1 305-305-5678
Miami New Realty,4.3,,4.3(42),"Real estate agency ·  · 2470 NW 102nd Pl # 107
Open ⋅ Closes 6 PM · +1 305-485-3100",,+1 305-485-3100
Keller Williams Miami Beach,4.1,,4.1(23),"Real estate agency ·  · 1680 Meridian Ave #101
Closes soon ⋅ 5 PM ⋅ Opens 9 AM Fri",,
Phantom Real Estate,4.9,,4.9(129),"Real estate agency ·  · 9995 SW 72nd St STE 209
Closes soon ⋅ 5 PM ⋅ Opens 9 AM Fri · +1 305-595-6804",,+1 305-595-6804
Miami Premier Realty,4.6,,4.6(13),"Real estate agency ·  · 7001 SW 97th Ave Suite 108
Closes soon ⋅ 5 PM ⋅ Opens 10 AM Fri · +1 786-268-1961",,+1 786-268-1961
Luis Perez - Realtor Miami Florida,5.0,,5.0(26),"Real estate agent ·  · 7281 Coral Wy
Open 24 hours · +1 786-376-7182",,+1 786-376-7182
Ernie Fraga - EXP Realty - Miami Real Estate,5.0,,5.0(11),"Real estate agency · 6300 Waterford District Dr
Open ⋅ Closes 8 PM · +1 305-546-8996",,+1 305-546-8996
MIAMI DREAM PROPERTIES,4.5,,4.5(17),"Real estate agency ·  · 218 NW 24th St
Closed ⋅ Opens 10 AM Fri · +1 305-728-8800",,+1 305-728-8800
"Sharon Colon, REALTOR MIAMI brokered by REAL Broker, LLC - Miami, FL | Real Estate Agent Miami",5.0,,5.0(29),"Real estate agent ·  · 10450 NW 33rd St, Doral
Open ⋅ Closes 7 PM · +1 786-376-2398",,+1 786-376-2398
Juan Carlos Romero - Miami Realtor,5.0,,5.0(34),"Real estate agent ·  · 1000 Brickell Ave #200
Open ⋅ Closes 7 PM · +1 305-903-0728",,+1 305-903-0728
Suheily Canales,5.0,,5.0(63),"Real estate agency
Open ⋅ Closes 6 PM · +1 305-680-8255",,+1 305-680-8255
Jill Penman Group at ONE Sotheby's International Realty,4.6,,4.6(10),"Estate agent · 3560 Main Highway
Open ⋅ Closes 9 pm · (305) 807-9199",,(305) 807-9199
Atlantic Square,5.0,,5.0(2),"Apartment Letting Agency · 777 Northwest 2nd Avenue
Open ⋅ Closes 6 pm · (305) 306-4691",,(305) 306-4691
Miami Realty Solution Group,4.9,,4.9(186),"Real estate agency ·  · 90 SW 3rd St CU3
Open ⋅ Closes 6:30 pm · +1 305-728-0840",,+1 305-728-0840
David Freed Realtor | Miami Is Home | Keller Williams Realty,5.0,,5.0(122),"Real estate agent ·  · 45 SW 9th St Apt 3006
Open 24 hours · +1 954-263-8115",,+1 954-263-8115
Lauren Hershey - CRR REALTY,4.8,,4.8(45),"Real estate agent ·  · 1200 Brickell Ave Suite #700
Open ⋅ Closes 7 pm · +1 708-539-9319",,+1 708-539-9319
Chariff Realty Group Commercial Miami Real Estate,4.9,,4.9(134),"Real estate agent ·  · 5801 Biscayne Blvd
Open ⋅ Closes 8 pm · +1 305-576-7474",,+1 305-576-7474
Coldwell Banker Realty: Oliver Ruiz,4.9,,4.9(59),"Real estate agent ·  · 4000 Ponce de Leon Suite 700
Open ⋅ Closes 6 pm · +1 305-984-4875",,+1 305-984-4875
LG Realty Group Inc. Miami Luxury Real Estate,4.9,,4.9(33),"Real estate agent ·  · 3250 NE 1st Ave Unit 305
Open ⋅ Closes 7 pm · +1 305-890-6226",,+1 305-890-6226
"Sebastian Acosta, Realtor in Miami ️",5.0,,5.0(55),"Real estate agent ·  · 800 Brickell Ave Suite 525
Open ⋅ Closes 7 pm · +1 305-244-6222",,+1 305-244-6222
Avanti Way Realty Brickell,4.7,,4.7(155),"Real estate agency ·  · 444 Brickell Ave Office P32
Open ⋅ Closes 6 pm · +1 305-733-9741",,+1 305-733-9741
Real Brokers Miami – Real Estate Broker & Concierge,5.0,,5.0(42),"Real estate agent ·  · 601 Brickell Key Dr #700
Open ⋅ Closes 7 pm · +1 305-423-9551",,+1 305-423-9551
Miami Real Estate - Jack Coden Group,4.9,,4.9(38),"Real estate agent ·  · 700 NE 90th St
Open 24 hours · +1 305-742-5225",,+1 305-742-5225
Steven Vargas and Chloe Vargas,4.9,,4.9(83),"Real estate agent ·  · 325 S Biscayne Blvd #200
Open 24 hours · +1 786-683-2938",,+1 786-683-2938
Sorymar Castillo | Your Favorite Miami Realtor,5.0,,5.0(46),"Real estate agent ·  · 999 Brickell Ave Ste. 840
Open ⋅ Closes 10 pm · +1 786-818-2081",,+1 786-818-2081
Aleksandra Marzec,4.9,,4.9(81),"Real estate agent ·  · 1221 Brickell Ave Suite 900
Open 24 hours · +1 305-760-9121",,+1 305-760-9121
Midtown Miami Realty,5.0,,5.0(60),"Real estate agent ·  · 121 NE 34th St
Open ⋅ Closes 9 pm · +1 305-302-4941",,+1 305-302-4941
Rina Rodriguez | Real Estate Agent | Miami | Buy • Sell • Rent • Invest | Bilingual: English & Spanish,4.8,,4.8(41),"Real estate agent ·  · 800 Brickell Ave Suite 525
Open 24 hours · +1 305-440-7407",,+1 305-440-7407
"Abraham Ash, Realtor",5.0,,5.0(61),"Real estate agent ·  · 495 Brickell Ave # 521
Open ⋅ Closes 9 pm · +1 305-586-9734",,+1 305-586-9734
Eric Farmelant - COMPASS,5.0,,5.0(105),"Real estate agent ·  · 2550 S Bayshore Dr STE 106
Open ⋅ Closes 9 pm · +1 954-850-3905",,+1 954-850-3905
The World Realty,5.0,,5.0(30),"Real estate agent ·  · 1221 Brickell Ave Suite 900
Open 24 hours · +1 305-760-9121",,+1 305-760-9121
DREAM LAND GROUP REAL ESTATE,4.9,,4.9(61),"Real estate agency ·  · 1100 Brickell Bay Dr
Open 24 hours · +1 305-417-5859",,+1 305-417-5859
Jose Fuentes Real Estate Broker Fortune Christie's International,4.9,,4.9(63),"Real estate agent ·  · 1390 Brickell Ave #104
Open 24 hours · +1 786-439-6764",,+1 786-439-6764
Jill Penman Group at ONE Sotheby's International Realty,4.6,,4.6(10),"Real estate agent · 3560 Main Highway
Open ⋅ Closes 9 PM · (305) 807-9199",,(305) 807-9199
Douglas Elliman - David Nguah Group,4.7,,4.7(3),"Real estate agency · 1111 Lincoln Road
Open ⋅ Closes 8 PM · (786) 200-3966",,(786) 200-3966
"Pilar Saravia, Best Miami Realtor",5.0,,5.0(65),"Real estate agent ·  · 7381 SW 34th Terrace
Open 24 hours · +1 305-205-7379",,+1 305-205-7379
Miami Realtor Patricia Vega,4.9,,4.9(63),"Real estate agent ·  · 8660 W Flagler St # 205
Open ⋅ Closes 7 PM · +1 305-773-1631",,+1 305-773-1631
Mariana Garber PA at Coldwell Banker Global Luxury Miami,4.9,,4.9(62),"Real estate agency ·  · 328 Crandon Blvd Ste 127
Open 24 hours · +1 786-280-2770",,+1 786-280-2770
Joe Biscaha - Joe Sells Miami - Compass,4.9,,4.9(47),"Real estate agency ·  · 605 Lincoln Rd 7th floor
Open ⋅ Closes 6 PM · +1 786-881-9894",,+1 786-881-9894
"Abraham Ash, Realtor",5.0,,5.0(61),"Real estate agent ·  · 495 Brickell Ave # 521
Open ⋅ Closes 9 PM · +1 305-586-9734",,+1 305-586-9734
Nancy Batchelor Team,5.0,,5.0(181),"Real estate agent ·  · 605 Lincoln Rd Floor 7
Open ⋅ Closes 7 PM · +1 305-903-2850",,+1 305-903-2850
Guillermo Teran Group Real Estate,5.0,,5.0(127),"Real estate agent ·  · 444 Brickell Ave Office P32
Open ⋅ Closes 8 PM · +1 305-457-9609",,+1 305-457-9609
"Charter Club Realty, Inc.",5.0,,5.0(65),"Real estate agency ·  · 600 NE 36th St STE C2
Open 24 hours · +1 305-576-6252",,+1 305-576-6252
Alexandra Sierra - Miami Real Estate,5.0,,5.0(94),"Real estate agent ·  · 2550 S Bayshore Dr
Closes soon ⋅ 5 PM ⋅ Opens 9 AM Fri · +1 305-281-0175",,+1 305-281-0175
Sarah Desamours - Miami Real Estate - SD Group At Compass,5.0,,5.0(40),"Real estate agent ·  · 2550 S Bayshore Dr STE 106
Open ⋅ Closes 7 PM · +1 305-363-6055",,+1 305-363-6055
Nelson Gonzalez | Miami Beach Luxury Real Estate,5.0,,5.0(21),"Real estate consultant ·  · 419 Arthur Godfrey Rd
Open ⋅ Closes 7 PM · +1 305-674-4040",,+1 305-674-4040
"Florida Realty Of Miami, Corp.",4.7,,4.7(210),"Real estate agent ·  · 9415 Sunset Dr #236
Closes soon ⋅ 5 PM ⋅ Opens 9 AM Fri · +1 305-598-5488",,+1 305-598-5488
Mauro Silva PA Miami - Fort Lauderdale Realtor,5.0,,5.0(93),"Real estate agent ·  · 1354 Washington Ave
Open ⋅ Closes 9 PM · +1 786-326-7378",,+1 786-326-7378
Properties Miami,4.7,,4.7(40),"Real estate agent · 637 SW 3rd St APT 306
Open ⋅ Closes 10 PM · +1 786-505-4939",,+1 786-505-4939
Miami Realtor Services | Jocsan Lopez,5.0,,5.0(29),"Real estate agency ·  · 5555 Biscayne Blvd # 302
Open ⋅ Closes 8 PM · +1 786-326-1198",,+1 786-326-1198
Million | Redefine Lifestyle,5.0,,5.0(61),"Real estate agency ·  · 237 S Dixie Hwy 4th Fl Suite 465
Open ⋅ Closes 10 PM · +1 305-407-1415",,+1 305-407-1415
Rina Rodriguez | Real Estate Agent | Miami | Buy • Sell • Rent • Invest | Bilingual: English & Spanish,4.8,,4.8(41),"Real estate agent ·  · 800 Brickell Ave Suite 525
Open 24 hours · +1 305-440-7407",,+1 305-440-7407
"First Class Real Estate, LLC",4.8,,4.8(95),"Home insurance agency ·  · 12944 W Dixie Hwy
Open ⋅ Closes 10 PM · +1 305-433-5686",,+1 305-433-5686
"Jonathan Quintana, P.A",5.0,,5.0(109),"Real estate agent ·  · 3252 SW 2nd St
Open ⋅ Closes 7 PM · +1 305-801-1893",,+1 305-801-1893
"Manuel E Gonzalez, PA- Florida Realty Miami",4.9,,4.9(12),"Real estate agent ·  · 9415 SW 72nd St #236
Open 24 hours · +1 305-676-8543",,+1 305-676-8543
Properties of Miami,5.0,,5.0(51),"Real estate agency ·  · 8950 SW 74th Ct Suite 2201
Open 24 hours · +1 786-715-8190",,+1 786-715-8190
Riley Smith Group | Best Miami Realtors,4.8,,4.8(28),"Real estate agent ·  · 2550 S Bayshore Dr STE 106
Open 24 hours · +1 305-342-1623",,+1 305-342-1623
Gabriela Fruchtermann PA,4.9,,4.9(56),"Real estate agent ·  · 2822 NW 79th Ave
Open ⋅ Closes 6 PM · +1 786-438-9895",,+1 786-438-9895
Adrian Burke Luxury Real Estate | Sotheby's Realty,4.9,,4.9(67),"Real estate agent ·  · 119 Washington Ave Suite 102
Open 24 hours · +1 305-397-4733",,+1 305-397-4733
NB Elite Realty LLC,4.9,,4.9(17),"Real estate agent ·  · 1101 Brickell Ave
Closes soon ⋅ 5:30 PM ⋅ Opens 9 AM Fri · +1 844-444-6237",,+1 844-444-6237
Jessica Bazan - Miami Real Estate,5.0,,5.0(12),"Real estate consultant ·  · 700 NE 90th St
Open ⋅ Closes 7 PM · +1 786-213-5333",,+1 786-213-5333
Marcelo Steinmander P.A | Miami Beach Real Estate Agent,5.0,,5.0(45),"Real estate agent ·  · 419 Arthur Godfrey Rd
Closes soon ⋅ 5 PM ⋅ Opens 9 AM Fri · +1 305-674-4127",,+1 305-674-4127
Miami Real Estate Agent & Coach | Hans Waisfeld,5.0,,5.0(66),"Industrial real estate agency ·  · 920 Bay Dr apt 8
Open ⋅ Closes 7 PM · +1 305-497-2352",,+1 305-497-2352
"JMC Real Estate Miami, Jorge Martinez de Castro, Licensed Real Estate Broker",5.0,,5.0(36),"Real estate agent ·  · 9100 S Dadeland Blvd suite 1500
Closes soon ⋅ 5 PM ⋅ Opens 9 AM Fri · +1 305-510-5589",,+1 305-510-5589
"Dania Diaz, Realtor - RE/MAX Advance Realty",5.0,,5.0(122),"Real estate agent ·  · 5796 Sunset Dr
Open 24 hours · +1 786-380-5180",,+1 786-380-5180
Elizabeth Mesa - Miami Realtor,4.9,,4.9(33),"Real estate agent ·  · 800 Brickell Ave Suite 525
Open 24 hours · +1 305-804-1549",,+1 305-804-1549
Julia Grollier - Realtor Miami Florida,4.9,,4.9(44),"Real estate agent ·  · 325 S Biscayne Blvd #200
Open ⋅ Closes 6 PM · +1 321-732-1557",,+1 321-732-1557
"Louis Urbina, PA - Realtor Associate at Avanti Way Realty in Miami, FL",5.0,,5.0(57),"Real estate agency ·  · 444 Brickell Ave P32
Open 24 hours · +1 786-355-7423",,+1 786-355-7423
Abner Realty,4.9,,4.9(79),"Real estate agent ·  · 690 SW 1st Ct
Open ⋅ Closes 6 PM · +1 305-222-7513",,+1 305-222-7513
SF Real Estate. US,5.0,,5.0(9),"Real estate agency ·  · 1110 Brickell Ave
Open ⋅ Closes 7 PM · +1 786-443-1449",,+1 786-443-1449
Kennedy Realty Miami - Luxury Coral Gables Agents,4.8,,4.8(19),"Real estate agency
Open ⋅ Closes 8 PM · +1 786-882-2532",,+1 786-882-2532
Matt Lill - Luxury Real Estate Agent - Corcoran Miami Beach - South Florida Expert,5.0,,5.0(50),"Real estate agent ·  · 1688 Meridian Ave Ste 400
Open ⋅ Closes 9 PM · +1 786-769-5025",,+1 786-769-5025
Centennial Realty Group - Real Estate Agents & Brokers Miami,5.0,,5.0(38),"Real estate agency ·  · 8200 NW 41st St Suite 200
Open 24 hours · +1 954-854-6668",,+1 954-854-6668
Amistad Real Estate Miami,4.8,,4.8(40),"Real estate agent ·  · 7951 Bird Rd # 208
Open ⋅ Closes 7 PM · +1 786-244-6844",,+1 786-244-6844
"Home Miami, Team / Brokered by eXp Realty | Luz Abreu Real Estate Broker Associate",4.9,,4.9(64),"Real estate agent ·  · 10450 NW 33rd St Suite 206
Open 24 hours · +1 754-229-7400",,+1 754-229-7400
"Matt McMillan, Realtor in Miami Beach - Coldwell Banker",5.0,,5.0(230),"Real estate agent ·  · 1682 Jefferson Ave
Open ⋅ Closes 7 PM · +1 305-775-8269",,+1 305-775-8269
"Milton Andrade, REALTOR - Compass",5.0,,5.0(45),"Real estate agent ·  · 1655 SW 18th St
Open ⋅ Closes 7 PM · +1 785-530-3942",,+1 785-530-3942
WiseCat Realtors,4.7,,4.7(45),"Real estate agent ·  · 1354 Washington Ave #220
Open 24 hours · +1 305-523-9323",,+1 305-523-9323
Berenice Elguezabal - Miami Realtor,5.0,,5.0(26),"Real estate agent ·  · 4000 Ponce de Leon Suite 700
Open ⋅ Closes 7 PM · +1 305-301-3290",,+1 305-301-3290
"Hector Chinea, Realtor powered by Real Broker LLC",5.0,,5.0(62),"Real estate agent ·  · 8567 Coral Wy #256
Open ⋅ Closes 7 PM · +1 786-236-4268",,+1 786-236-4268
Alex Rojas - Keller Williams Real Estate Agent,5.0,,5.0(41),"Real estate agent ·  · 2384 SW 4th St
Open ⋅ Closes 6 PM · +1 786-558-6150",,+1 786-558-6150
"Anthony Spitaleri, Miami, Florida Realtor",5.0,,5.0(20),"Real estate agent ·  · 420 Lincoln Rd
Open ⋅ Closes 9 PM · +1 954-235-5783",,+1 954-235-5783
Hal Feldman - Miami Real Estate Agent,5.0,,5.0(49),"Real estate agent ·  · 5792 Sunset Dr
Open ⋅ Closes 10 PM · +1 786-693-2005",,+1 786-693-2005
Interealty Exchange Inc,4.6,,4.6(19),"Real estate agency ·  · 460 NE 28th St CU1
Open ⋅ Closes 6 PM · +1 786-717-4417",,+1 786-717-4417
"Jose Luis Herrera - Realtor | Broker, Miami Office",5.0,,5.0(96),"Real estate agent ·  · 2470 NW 102nd Pl # 107
Open 24 hours · +1 786-332-0991",,+1 786-332-0991
Gravity Real Estate | Top Miami Realtors,5.0,,5.0(40),"Real estate agent ·  · 1390 S Dixie Hwy Suite 2218
Open 24 hours · +1 305-726-2100",,+1 305-726-2100
Sean Fitzgerald - Miami Real Estate Agent,5.0,,5.0(27),"Real estate agent ·  · 45 SW 9th St
Open 24 hours · +1 716-517-6064",,+1 716-517-6064
Miami Real Estate Agent Bryan Roach,5.0,,5.0(92),"Real estate agent ·  · 8180 NW 36th St #308
Open 24 hours · +1 305-439-6211",,+1 305-439-6211
Tatiana Costa P.A. | #CostaGroup,5.0,,5.0(27),"Real estate agent ·  · Fortune Christie’s International Real Estate, 1390 Brickell Ave #104
Open 24 hours · +1 305-733-8990",,+1 305-733-8990
Blackbook Properties,4.9,,4.9(209),"Real estate agent ·  · 1900 N Bayshore Dr Suite 1A #103
Open 24 hours · +1 786-400-2296",,+1 786-400-2296
The Branco Team - Miami Realtors,5.0,,5.0(40),"Real estate agent ·  · 2125 Biscayne Blvd Suite 348
Open 24 hours · +1 305-407-5351",,+1 305-407-5351
Midtown Miami Now,4.8,,4.8(30),"Real estate agent ·  · 3250 NE 1st Ave Unit 305
Open ⋅ Closes 7 PM · +1 305-890-6226",,+1 305-890-6226
COSMORE - Real Estate Agency,4.7,,4.7(24),"Real estate agency ·  · 1200 Brickell Ave #250
Open ⋅ Closes 6 PM · +1 786-536-2344",,+1 786-536-2344
REALZUN REALTY,4.9,,4.9(31),"Real estate agency ·  · 7630 W Flagler St office b
Closes soon ⋅ 5 PM ⋅ Opens 10 AM Fri · +1 786-853-0066",,+1 786-853-0066
Jerome Morlot PA - Miami Real Estate - Immobilier,5.0,,5.0(20),"Real estate agent ·  · 961 SW 7th St Apt 302
Open 24 hours · +1 786-564-7790",,+1 786-564-7790
Howard Chase Real Estate,4.1,,4.1(43),"Real estate agency ·  · 1354 Washington Ave
Open 24 hours · +1 305-532-7470",,+1 305-532-7470
Diana P Gomez | REALTOR Miami,4.8,,4.8(16),"Real estate agent ·  · 550 Biltmore Way PH2
Open ⋅ Closes 9 PM · +1 305-794-7294",,+1 305-794-7294
Oliver Davis | Live Work Play Miami Group | Miami Beach Real Estate,5.0,,5.0(39),"Real estate agent ·  · 227 1st St #2
Open 24 hours · +1 786-530-1871",,+1 786-530-1871
Jenny Serra Realtor,4.9,,4.9(37),"Real estate agent · 601 Brickell Key Dr #700
Open 24 hours · +1 305-979-1851",,+1 305-979-1851
Melva Garcia - Miami Realtor,5.0,,5.0(55),"Real estate agent ·  · 1515 Sunset Dr Suite 40
Open ⋅ Closes 7 PM · +1 305-491-4437",,+1 305-491-4437
Florida New Dream Corp | Real Estate Agency in North Miami,4.9,,4.9(36),"Real estate agent ·  · 12955 Biscayne Blvd Ste 410-4
Closes soon ⋅ 5 PM ⋅ Opens 9 AM Fri · +1 786-762-4249",,+1 786-762-4249
Equity Real Estate South Florida,4.7,,4.7(142),"Real estate agent ·  · 8950 SW 74th Ct Suite 2201
Open ⋅ Closes 9 PM · +1 786-281-6026",,+1 786-281-6026
The 305 Agency | Real Estate | Miami,5.0,,5.0(22),"Real estate agency ·  · 910 West Ave
Open 24 hours · +1 305-713-9891",,+1 305-713-9891
ROCCA REAL ESTATE,5.0,,5.0(38),"Real estate agent ·  · 1221 Brickell Ave Suite 900
Open ⋅ Closes 8 PM · +1 310-977-7993",,+1 310-977-7993
Miami Real Estate Trends,5.0,,5.0(29),"Real estate agent ·  · 110 Washington Ave
Open ⋅ Closes 7 PM · +1 305-571-6319",,+1 305-571-6319
The Jills Zeder Group Miami,5.0,,5.0(20),"Real estate agent ·  · 4000 Ponce de Leon Suite 700
Open ⋅ Closes 6 PM · +1 305-722-5721",,+1 305-722-5721
Lina & Elliot Group // Top Producing Miami Realtors,5.0,,5.0(21),"Real estate consultant ·  · 1111 Lincoln Rd #805
Open 24 hours · +1 626-757-4484",,+1 626-757-4484
"John and Ana Salt, The Salt Group - Real Estate Miami",5.0,,5.0(83),"Real estate agent ·  · 710 NE 126th St
Open ⋅ Closes 6 PM · +1 305-890-6003",,+1 305-890-6003
Daniela Silva Real Estate - Miami Realtor,5.0,,5.0(10),"Real estate agency ·  · 1900 N Bayshore Dr
Open ⋅ Closes 7:30 PM · +1 786-316-3703",,+1 786-316-3703
Miami Real Estate Agency,5.0,,5.0(1),"Real estate agent ·  · 930 Washington Ave SUITE 203
Closes soon ⋅ 5 PM ⋅ Opens 8 AM Fri · +1 786-322-8399",,+1 786-322-8399
Cervera Real Estate Inc | Headquarters,3.9,,3.9(70),"Real estate agency ·  · 1450 S Miami Ave
Closes soon ⋅ 5 PM ⋅ Opens 9 AM Fri · +1 305-374-3434",,+1 305-374-3434
The Space Brokers,4.9,,4.9(22),"Real estate agency ·  · 333 SE 2nd Ave STE 2000
Open ⋅ Closes 7 PM · +1 305-646-9653",,+1 305-646-9653
"Natalie Mery, Miami Real Estate Agent",5.0,,5.0(28),"Real estate agent ·  · 398 NE 5th St 13th Floor
Open ⋅ Closes 6:30 PM · +1 305-905-9027",,+1 305-905-9027
Miami Waterfront Realty,5.0,,5.0(26),"Real estate agent ·  · 13205 NE 16th Ave
Open ⋅ Closes 10 PM · +1 305-970-2884",,+1 305-970-2884
Dimitri Joseph | Miami Luxury Real Estate,5.0,,5.0(61),"Real estate agent ·  · 2550 S Bayshore Dr STE 106
Open 24 hours",,
"Living Premises, Brokered by eXp Realty",5.0,,5.0(84),"Real estate agent ·  · 8532 SW 8th St Suite 292
Open ⋅ Closes 9:30 PM · +1 305-492-9705",,+1 305-492-9705
LaFrance Louis Realty,5.0,,5.0(141),"Real estate agent ·  · 1221 Brickell Ave Brickell, Suite 900
Open 24 hours · +1 954-882-6478",,+1 954-882-6478
Cristian Chavez & Nik Alvarez Realtors from Miami Home Hub with Keller Williams Realty,5.0,,5.0(65),"Real estate agent ·  · 550 Biltmore Way PH2
Open ⋅ Closes 7 PM · +1 786-214-1087",,+1 786-214-1087
"Nicolas Piedra Buena, REALTOR",5.0,,5.0(28),"Real estate agent ·  · 1390 Brickell Ave Suite # 420
Closes soon ⋅ 5 PM ⋅ Opens 9 AM Fri · +1 305-304-1653",,+1 305-304-1653
Monteiro International Realty Corp.,4.8,,4.8(29),"Real estate agency ·  · 1110 Brickell Ave STE 404
Closes soon ⋅ 5 PM ⋅ Opens 9 AM Fri · +1 305-385-6693",,+1 305-385-6693
Stefania Mogollon,5.0,,5.0(82),"Real estate agent ·  · 79 SW 12th St APT 1706
Open ⋅ Closes 7 PM · +1 305-306-7205",,+1 305-306-7205
"Silvia Olivera, Realtor, Miami Luxury Real Estate, Bal Harbour, Sunny Isles, Surfside",5.0,,5.0(35),"Real estate agent ·  · 9801 Collins Ave APT 9Q
Open ⋅ Closes 7 PM · +1 786-303-0262",,+1 786-303-0262
BARNES Miami,4.6,,4.6(33),"Real estate agency ·  · 1150 SW 22nd St
Open ⋅ Closes 6 PM · +1 305-361-2233",,+1 305-361-2233
"Miami Metro Realty, LLC",5.0,,5.0(56),"Real estate agency ·  · 1535 SW 87th Ave
Open ⋅ Closes 8 PM · +1 305-707-4546",,+1 305-707-4546
Suheily Canales,5.0,,5.0(63),"Real estate agent
Open ⋅ Closes 6 PM · +1 305-680-8255",,+1 305-680-8255
Jason Smith Showcase,5.0,,5.0(89),"Real estate agent ·  · 65 Morningside Dr
Open 24 hours · +1 786-326-8115",,+1 786-326-8115
David Siddons Group at Douglas Elliman,4.7,,4.7(42),"Real estate agent ·  · 1515 Sunset Dr
Open ⋅ Closes 6 PM · +1 305-508-0899",,+1 305-508-0899
OfCourseMiami - Immobilier / Real Estate,5.0,,5.0(86),"Real estate agency ·  · 927 Lincoln Rd #200
Open ⋅ Closes 6 PM · +1 305-934-2870",,+1 305-934-2870
EXCLUSIVE PREMIER REALTY,5.0,,5.0(10),"Real estate agency ·  · 1250 SW 27th Ave # 301
Open ⋅ Closes 6 PM · +1 800-288-5791",,+1 800-288-5791
Tina Hyde Miami Realty,4.8,,4.8(21),"Real estate agency ·  · 150 SE 2nd Ave 3rd floor
Closes soon ⋅ 5 PM ⋅ Opens 9 AM Fri",,
Jorge A Alvarez License Broker/ Owner of JandR Home Realty,5.0,,5.0(26),"Real estate agent ·  · 7765 SW 33rd Terrace
Open ⋅ Closes 9 PM · +1 786-427-0949",,+1 786-427-0949
"IQ Real Estate, LLC",5.0,,5.0(39),"Real estate agency ·  · 1925 Brickell Ave STE D205
Open ⋅ Closes 6 PM · +1 786-530-9371",,+1 786-530-9371
Victor Barroso Jr / Miami Home Sale / Vacation Rental Management,5.0,,5.0(12),"Real estate consultant ·  · 2520 Coral Wy #2200
Open 24 hours · +1 305-519-2158",,+1 305-519-2158
London Foster,4.3,,4.3(64),"Real estate agency ·  · 407 Lincoln Rd #10G
Open ⋅ Closes 9 PM · +1 844-566-3663",,+1 844-566-3663
Luis Perez - Realtor Miami Florida,5.0,,5.0(26),"Real estate agent ·  · 7281 Coral Wy
Open 24 hours · +1 786-376-7182",,+1 786-376-7182
Jill Penman Group at ONE Sotheby's International Realty,4.6,,4.6(10),"Estate agent · 3560 Main Highway
Open ⋅ Closes 9 pm · (305) 807-9199",,(305) 807-9199
Catalina at Miramar,4.6,,4.6(222),"Flat Complex · 4260 Southwest 117th Lane
Open ⋅ Closes 6 pm · (954) 271-5144",,(954) 271-5144
Miami Luxury Homes,4.9,,4.9(62),"Real estate agency ·  · 3059 Grand Ave Suite 340
Open ⋅ Closes 9 pm · +1 305-350-9842",,+1 305-350-9842
Miami Realty Solution Group,4.9,,4.9(186),"Real estate agency ·  · 90 SW 3rd St CU3
Open ⋅ Closes 6:30 pm · +1 305-728-0840",,+1 305-728-0840
The Estate Companies,4.3,,4.3(6),"Real estate developer ·  · 6201 SW 70th St
Closes soon ⋅ 5 pm ⋅ Opens 8:30 am Fri · +1 305-663-1002",,+1 305-663-1002
LG Realty Group Inc. Miami Luxury Real Estate,4.9,,4.9(33),"Real estate agency ·  · 3250 NE 1st Ave Unit 305
Open ⋅ Closes 7 pm · +1 305-890-6226",,+1 305-890-6226
ONE Sotheby's International Realty,4.6,,4.6(11),"Real estate agency ·  · 800 Brickell Ave Suite 525
Closes soon ⋅ 5 pm ⋅ Opens 9 am Fri · +1 305-859-3824",,+1 305-859-3824
Properties Miami,4.7,,4.7(40),"Real estate agency · 637 SW 3rd St APT 306
Open ⋅ Closes 10 pm · +1 786-505-4939",,+1 786-505-4939
Chariff Realty Group Commercial Miami Real Estate,4.9,,4.9(134),"Commercial real estate agency ·  · 5801 Biscayne Blvd
Open ⋅ Closes 8 pm · +1 305-576-7474",,+1 305-576-7474
Eric Farmelant - COMPASS,5.0,,5.0(105),"Real estate agency ·  · 2550 S Bayshore Dr STE 106
Open ⋅ Closes 9 pm · +1 954-850-3905",,+1 954-850-3905
DREAM LAND GROUP REAL ESTATE,4.9,,4.9(61),"Real estate agency ·  · 1100 Brickell Bay Dr
Open 24 hours · +1 305-417-5859",,+1 305-417-5859
Aleksandra Marzec,4.9,,4.9(81),"Real estate agency ·  · 1221 Brickell Ave Suite 900
Open 24 hours · +1 305-760-9121",,+1 305-760-9121
"Sebastian Acosta, Realtor in Miami ️",5.0,,5.0(55),"Real estate agency ·  · 800 Brickell Ave Suite 525
Open ⋅ Closes 7 pm · +1 305-244-6222",,+1 305-244-6222
Lauren Hershey - CRR REALTY,4.8,,4.8(45),"Real estate agency ·  · 1200 Brickell Ave Suite #700
Open ⋅ Closes 7 pm · +1 708-539-9319",,+1 708-539-9319
Miami Real Estate Images,4.9,,4.9(335),"Photography service
Closes soon ⋅ 5 pm ⋅ Opens 9 am Fri · +1 305-218-8925",,+1 305-218-8925
Cervera Real Estate Inc | Headquarters,3.9,,3.9(70),"Real estate agency ·  · 1450 S Miami Ave
Closes soon ⋅ 5 pm ⋅ Opens 9 am Fri · +1 305-374-3434",,+1 305-374-3434
Avanti Way Realty Brickell,4.7,,4.7(155),"Real estate agency ·  · 444 Brickell Ave Office P32
Open ⋅ Closes 6 pm · +1 305-733-9741",,+1 305-733-9741
Sorymar Castillo | Your Favorite Miami Realtor,5.0,,5.0(46),"Real estate agent ·  · 999 Brickell Ave Ste. 840
Open ⋅ Closes 10 pm · +1 786-818-2081",,+1 786-818-2081
Equity Real Estate South Florida,4.7,,4.7(142),"Real estate agency ·  · 8950 SW 74th Ct Suite 2201
Open ⋅ Closes 9 pm · +1 786-281-6026",,+1 786-281-6026
Novel Management,4.7,,4.7(102),"Property management company · 1221 Brickell Ave Suite 900
Closes soon ⋅ 5 pm ⋅ Opens 9 am Fri · +1 305-400-9479",,+1 305-400-9479
Stefania Mogollon,5.0,,5.0(82),"Real estate agent ·  · 79 SW 12th St APT 1706
Open ⋅ Closes 7 pm · +1 305-306-7205",,+1 305-306-7205
"Abraham Ash, Realtor",5.0,,5.0(61),"Real estate agency ·  · 495 Brickell Ave # 521
Open ⋅ Closes 9 pm · +1 305-586-9734",,+1 305-586-9734
Jill Penman Group at ONE Sotheby's International Realty,4.6,,4.6(10),"Real estate agent · 3560 Main Highway
Open ⋅ Closes 9 PM · (305) 807-9199",,(305) 807-9199
Catalina at Miramar,4.6,,4.6(222),"Apartment complex · 4260 Southwest 117th Lane
Open ⋅ Closes 6 PM · (954) 271-5144",,(954) 271-5144
Lauren Hershey - CRR REALTY,4.8,,4.8(45),"Real estate agency ·  · 1200 Brickell Ave Suite #700
Open ⋅ Closes 7 PM · +1 708-539-9319",,+1 708-539-9319
None,4.8,,4.8(18),"Real estate agency ·  · 777 NW 72nd Ave
Closes soon ⋅ 5 PM ⋅ Opens 9 AM Fri",,
MJ Estates,4.8,,4.8(4),"Commercial real estate agency ·  · 1627 SW 37th Ave Ste 101
Closes soon ⋅ 5 PM ⋅ Opens 9 AM Fri · +1 305-984-8693",,+1 305-984-8693
Interealty Exchange Inc,4.6,,4.6(19),"Real estate agency ·  · 460 NE 28th St CU1
Open ⋅ Closes 6 PM · +1 786-717-4417",,+1 786-717-4417
"Anthony Spitaleri, Miami, Florida Realtor",5.0,,5.0(20),"Real estate agency ·  · 420 Lincoln Rd
Open ⋅ Closes 9 PM · +1 954-235-5783",,+1 954-235-5783
Sarah Desamours - Miami Real Estate - SD Group At Compass,5.0,,5.0(40),"Real estate agent ·  · 2550 S Bayshore Dr STE 106
Open ⋅ Closes 7 PM · +1 305-363-6055",,+1 305-363-6055
Marcelo Steinmander P.A | Miami Beach Real Estate Agent,5.0,,5.0(45),"Real estate agent ·  · 419 Arthur Godfrey Rd
Closes soon ⋅ 5 PM ⋅ Opens 9 AM Fri · +1 305-674-4127",,+1 305-674-4127
The 305 Agency | Real Estate | Miami,5.0,,5.0(22),"Real estate agency ·  · 910 West Ave
Open 24 hours · +1 305-713-9891",,+1 305-713-9891
BARNES Miami,4.6,,4.6(33),"Real estate agency ·  · 1150 SW 22nd St
Open ⋅ Closes 6 PM · +1 305-361-2233",,+1 305-361-2233
Trident Real Estate & Trident Management,4.5,,4.5(411),"Real estate agency · 800 West Ave C1
Closes soon ⋅ 5 PM ⋅ Opens 9 AM Fri · +1 305-535-7599",,+1 305-535-7599
Miami Residential Group,5.0,,5.0(15),"Real estate agency ·  · 777 Brickell Ave #500
Open 24 hours · +1 305-647-2663",,+1 305-647-2663
NAI Miami | Fort Lauderdale,3.5,,3.5(21),"Real estate agency ·  · 9655 S Dixie Hwy #300
Open ⋅ Closes 6 PM · +1 305-938-4000",,+1 305-938-4000
Cervera Real Estate Inc | Headquarters,3.9,,3.9(70),"Real estate agency ·  · 1450 S Miami Ave
Closes soon ⋅ 5 PM ⋅ Opens 9 AM Fri · +1 305-374-3434",,+1 305-374-3434
David Freed Realtor | Miami Is Home | Keller Williams Realty,5.0,,5.0(122),"Real estate agency ·  · 45 SW 9th St Apt 3006
Open 24 hours · +1 954-263-8115",,+1 954-263-8115
"Blue Moon Estate Sales (Ft.Lauderdale-Hollywood-Miami, FL)",4.7,,4.7(44),"Estate liquidator
Open ⋅ Closes 8 PM · +1 954-707-9772",,+1 954-707-9772
"Abraham Ash, Realtor",5.0,,5.0(61),"Real estate agency ·  · 495 Brickell Ave # 521
Open ⋅ Closes 9 PM · +1 305-586-9734",,+1 305-586-9734
Deconova Real Estate Brickell Miami FL,4.9,,4.9(35),"Real estate agency ·  · 1000 Brickell Ave SUITE 2D-200
Open ⋅ Closes 5 AM Fri · +1 786-581-3100",,+1 786-581-3100
Jose Fuentes Real Estate Broker Fortune Christie's International,4.9,,4.9(63),"Real estate agency ·  · 1390 Brickell Ave #104
Open 24 hours · +1 786-439-6764",,+1 786-439-6764
Thine Agency,4.8,,4.8(38),"Real estate agency ·  · 225 Collins Ave #101
Open ⋅ Closes 6 PM · +1 305-609-5500",,+1 305-609-5500
Miami Real Estate Agent & Coach | Hans Waisfeld,5.0,,5.0(66),"Industrial real estate agency ·  · 920 Bay Dr apt 8
Open ⋅ Closes 7 PM · +1 305-497-2352",,+1 305-497-2352
Phantom Real Estate,4.9,,4.9(129),"Real estate agency ·  · 9995 SW 72nd St STE 209
Closes soon ⋅ 5 PM ⋅ Opens 9 AM Fri · +1 305-595-6804",,+1 305-595-6804
MIAMI DREAM PROPERTIES,4.5,,4.5(17),"Real estate agency ·  · 218 NW 24th St
Closed ⋅ Opens 10 AM Fri · +1 305-728-8800",,+1 305-728-8800
Interinvestments Realty,4.9,,4.9(38),"Real estate agency ·  · 790 NW 107th Ave Suite 107
Closes soon ⋅ 5 PM ⋅ Opens 9 AM Fri · +1 305-220-1101",,+1 305-220-1101
AMG International Realty,5.0,,5.0(108),"Real estate agency ·  · 2420 Miami Gardens Dr Suite 203
Open ⋅ Closes 6 PM · +1 305-761-2655",,+1 305-761-2655
"John and Ana Salt, The Salt Group - Real Estate Miami",5.0,,5.0(83),"Real estate agent ·  · 710 NE 126th St
Open ⋅ Closes 6 PM · +1 305-890-6003",,+1 305-890-6003
Miami Luxury Residences,4.8,,4.8(38),"Real estate agency ·  · 333 NE 24th St
Open ⋅ Closes 9 PM · +1 305-874-9500",,+1 305-874-9500
Move Miami - Real Estate,4.8,,4.8(19),"Real estate agency ·  · 8660 W Flagler St STE 100
Open ⋅ Closes 6 PM · +1 305-301-0525",,+1 305-301-0525
Florida New Dream Corp | Real Estate Agency in North Miami,4.9,,4.9(36),"Real estate agency ·  · 12955 Biscayne Blvd Ste 410-4
Closes soon ⋅ 5 PM ⋅ Opens 9 AM Fri · +1 786-762-4249",,+1 786-762-4249
Miami Real Estate Agency,5.0,,5.0(1),"Real estate agency ·  · 930 Washington Ave SUITE 203
Closes soon ⋅ 5 PM ⋅ Opens 8 AM Fri · +1 786-322-8399",,+1 786-322-8399
Comprare casa Miami Jetset Realty,4.2,,4.2(5),"Commercial real estate agency ·  · 1000 5th St Suite 230
Open ⋅ Closes 6 PM · +1 305-397-8831",,+1 305-397-8831
Oliver Davis | Live Work Play Miami Group | Miami Beach Real Estate,5.0,,5.0(39),"Real estate agent ·  · 227 1st St #2
Open 24 hours · +1 786-530-1871",,+1 786-530-1871
"Douglas Elliman Real Estate Office in Miami, FL",4.0,,4.0(12),"Real estate agency ·  · 5555 Biscayne Blvd # 302
Closes soon ⋅ 5 PM ⋅ Opens 9 AM Fri · +1 305-677-5000",,+1 305-677-5000
"Lana Bell - Sunny Isles, Bal Harbour, Miami Luxury Real Estate",5.0,,5.0(25),"Real estate agency ·  · 1021 Kane Concourse
Open ⋅ Closes 7 PM · +1 305-336-0457",,+1 305-336-0457
Guillermo Teran Group Real Estate,5.0,,5.0(127),"Real estate agency ·  · 444 Brickell Ave Office P32
Open ⋅ Closes 8 PM · +1 305-457-9609",,+1 305-457-9609
COSMORE - Real Estate Agency,4.7,,4.7(24),"Real estate agency ·  · 1200 Brickell Ave #250
Open ⋅ Closes 6 PM · +1 786-536-2344",,+1 786-536-2344
Riley Smith Group | Best Miami Realtors,4.8,,4.8(28),"Real estate agency ·  · 2550 S Bayshore Dr STE 106
Open 24 hours · +1 305-342-1623",,+1 305-342-1623
"Louis Urbina, PA - Realtor Associate at Avanti Way Realty in Miami, FL",5.0,,5.0(57),"Real estate agency ·  · 444 Brickell Ave P32
Open 24 hours · +1 786-355-7423",,+1 786-355-7423
Miami Waterfront Realty,5.0,,5.0(26),"Real estate agency ·  · 13205 NE 16th Ave
Open ⋅ Closes 10 PM · +1 305-970-2884",,+1 305-970-2884
"Home Miami, Team / Brokered by eXp Realty | Luz Abreu Real Estate Broker Associate",4.9,,4.9(64),"Real estate agency ·  · 10450 NW 33rd St Suite 206
Open 24 hours · +1 754-229-7400",,+1 754-229-7400
David Siddons Group at Douglas Elliman,4.7,,4.7(42),"Real estate agency ·  · 1515 Sunset Dr
Open ⋅ Closes 6 PM · +1 305-508-0899",,+1 305-508-0899
Avanti Way Realty Brickell,4.7,,4.7(155),"Real estate agency ·  · 444 Brickell Ave Office P32
Open ⋅ Closes 6 PM · +1 305-733-9741",,+1 305-733-9741
"Douglas Elliman Real Estate Office in South-of-Fifth in Miami Beach, FL",4.0,,4.0(4),"Real estate agency ·  · 120 Ocean Dr Suite 110
Closes soon ⋅ 5:30 PM ⋅ Opens 9 AM Fri · +1 305-695-6075",,+1 305-695-6075
SF Real Estate. US,5.0,,5.0(9),"Real estate agency ·  · 1110 Brickell Ave
Open ⋅ Closes 7 PM · +1 786-443-1449",,+1 786-443-1449
"JMC Real Estate Miami, Jorge Martinez de Castro, Licensed Real Estate Broker",5.0,,5.0(36),"Real estate agency ·  · 9100 S Dadeland Blvd suite 1500
Closes soon ⋅ 5 PM ⋅ Opens 9 AM Fri · +1 305-510-5589",,+1 305-510-5589
Canvas Real Estate - Miami,4.6,,4.6(9),"Real estate agency ·  · 2125 Biscayne Blvd Suite 266
Closes soon ⋅ 5 PM ⋅ Opens 9 AM Fri · +1 954-332-7121",,+1 954-332-7121
Ancona Real Estate Inc.,4.9,,4.9(77),"Real estate agency ·  · 1666 John F Kennedy Causeway #200
Open ⋅ Closes 8 PM · +1 305-456-8718",,+1 305-456-8718
Taylana Izrailov-Top Realtor-Luxury Real Estate Miami Florida,5.0,,5.0(119),"Real estate consultant ·  · 323 Sunny Isles Blvd #700
Open ⋅ Closes 6:30 PM · +1 347-233-7872",,+1 347-233-7872
Trajan Commercial Real Estate,4.9,,4.9(51),"Commercial real estate agency ·  · 18591 S Dixie Hwy Suite 1097
Open ⋅ Closes 8 PM · +1 305-482-1118",,+1 305-482-1118
Miami Real Estate - Jack Coden Group,4.9,,4.9(38),"Real estate agency ·  · 700 NE 90th St
Open 24 hours · +1 305-742-5225",,+1 305-742-5225
Daniela Silva Real Estate - Miami Realtor,5.0,,5.0(10),"Real estate agency ·  · 1900 N Bayshore Dr
Open ⋅ Closes 7:30 PM · +1 786-316-3703",,+1 786-316-3703
LoKation Real Estate,3.0,,3.0(4),"Real estate agency ·  · 1900 N Bayshore Dr Suite 120
Closes soon ⋅ 5 PM ⋅ Opens 8:30 AM Fri · +1 305-420-6613",,+1 305-420-6613
Century 21 World Connection,4.8,,4.8(29),"Real estate agency ·  · 10701 SW 104th St
Open ⋅ Closes 7 PM · +1 786-900-0155",,+1 786-900-0155
"The Schwartz Team, Compass - South Florida Luxury Real Estate",5.0,,5.0(10),"Real estate agency ·  · 605 Lincoln Rd 7th floor
Open ⋅ Closes 9 PM · +1 305-439-6628",,+1 305-439-6628
Fortune Real Estate Services,5.0,,5.0(91),"Industrial real estate agency ·  · 801 Brickell Bay Dr APT 1966
Open ⋅ Closes 6 PM · +1 305-587-4200",,+1 305-587-4200
C21 Dorar Realty,5.0,,5.0(48),"Real estate agency ·  · 7281 Coral Wy
Open now · +1 305-264-6000",,+1 305-264-6000
Miami One Real Estate,5.0,,5.0(1),"Real estate agent ·  · 1110 Brickell Ave SUITE 805
Open 24 hours · +1 954-990-3150",,+1 954-990-3150
Miami Real Estate,,,No reviews,"Condominium complex ·  · 1001 Brickell Bay Dr #2732
Open ⋅ Closes 8 PM · +1 305-647-2663",,+1 305-647-2663
DoMi Real Estate Advisors,5.0,,5.0(6),"Real estate agency ·  · 2 Biscayne Blvd #3200
Closes soon ⋅ 5 PM ⋅ Opens 10 AM Fri · +1 305-646-9096",,+1 305-646-9096
Cadisa Inc. Miami Property Management Condo HOA,3.7,,3.7(149),"Property management company ·  · 2050 Coral Wy #402
Closes soon ⋅ 5 PM ⋅ Opens 9 AM Fri · +1 305-860-2935",,+1 305-860-2935
Miami Real Estate Broker,5.0,,5.0(5),"Real estate agency ·  · 1861 NW S River Dr
Open 24 hours · +1 305-469-8090",,+1 305-469-8090
Adrian Burke Luxury Real Estate | Sotheby's Realty,4.9,,4.9(67),"Real estate agency ·  · 119 Washington Ave Suite 102
Open 24 hours · +1 305-397-4733",,+1 305-397-4733
Richard Jimenez - Mansion Team Brokered by eXp Realty,5.0,,5.0(9),"Real estate agency ·  · 66 W Flagler St Suit 900
Open ⋅ Closes 6 PM · +1 305-495-5751",,+1 305-495-5751
"Abemar Beltran Real Estate, Miami Luxury Home Specialist",4.7,,4.7(45),"Real estate agent ·  · 3105 NW 107th Ave Ste 400
Open ⋅ Closes 6 PM · +1 786-487-1648",,+1 786-487-1648
Belhouse Real Estate LLC,4.5,,4.5(8),"Real estate agency ·  · Infinity, 40 SW 13th St suite # 701
Open ⋅ Closes 6 PM · +1 305-921-9789",,+1 305-921-9789
GIMEZA A REAL ESTATE CORPORATION,3.4,,3.4(10),"Real estate agency ·  · 2929 SW 3rd Ave #210
Closes soon ⋅ 5 PM ⋅ Opens 9:30 AM Fri · +1 786-252-4552",,+1 786-252-4552
Miami Grand Realty INC,5.0,,5.0(1),"Real estate agency ·  · 6855 SW 81st St
Closes soon ⋅ 5 PM ⋅ Opens 9 AM Fri · +1 954-540-3455",,+1 954-540-3455
"Nicolas Piedra Buena, REALTOR",5.0,,5.0(28),"Real estate agent ·  · 1390 Brickell Ave Suite # 420
Closes soon ⋅ 5 PM ⋅ Opens 9 AM Fri · +1 305-304-1653",,+1 305-304-1653
Miami Real Estate Production,5.0,,5.0(99),"Photography service ·  · 2225 Meridian Ave
Open 24 hours · +1 305-859-1910",,+1 305-859-1910
Zip Code Miami Real Estate,3.0,,3.0(1),"Real estate agency ·  · 175 SW 7th St
Closes soon ⋅ 5 PM ⋅ Opens 9 AM Mon · +1 305-507-5557",,+1 305-507-5557
RISE Realty,5.0,,5.0(21),"Commercial real estate agency ·  · 1111 Brickell Ave
Open ⋅ Closes 6:30 PM · +1 305-859-1606",,+1 305-859-1606
Monteiro International Realty Corp.,4.8,,4.8(29),"Real estate agency ·  · 1110 Brickell Ave STE 404
Closes soon ⋅ 5 PM ⋅ Opens 9 AM Fri · +1 305-385-6693",,+1 305-385-6693
United Real Estate Miami,3.8,,3.8(26),"Real estate agency ·  · 11430 N Kendall Dr #111
Closes soon ⋅ 5 PM ⋅ Opens 9 AM Fri · +1 305-273-9000",,+1 305-273-9000
"Komal Acharya - Florida Realtor | KK Luxury Home Group | Miami, FL",5.0,,5.0(45),"Real estate agent ·  · 2139 N University Dr #2061
Open 24 hours · +1 786-300-1101",,+1 786-300-1101
Gabriela Luxury Homes | Miami Luxury Real Estate Advisor,5.0,,5.0(10),"Property investment company · 741 Buttonwood Ln
Open ⋅ Closes 6 PM · +1 754-279-4980",,+1 754-279-4980
"Milton Andrade, REALTOR - Compass",5.0,,5.0(45),"Real estate agency ·  · 1655 SW 18th St
Open ⋅ Closes 7 PM · +1 785-530-3942",,+1 785-530-3942
Mauro Silva PA Miami - Fort Lauderdale Realtor,5.0,,5.0(93),"Real estate agency ·  · 1354 Washington Ave
Open ⋅ Closes 9 PM · +1 786-326-7378",,+1 786-326-7378
NB Elite Realty LLC,4.9,,4.9(17),"Real estate agency ·  · 1101 Brickell Ave
Closes soon ⋅ 5:30 PM ⋅ Opens 9 AM Fri · +1 844-444-6237",,+1 844-444-6237
"Home Seller Heaven: We Buy Houses Fast in Miami, FL",5.0,,5.0(1),"Real estate agency ·  · 11151 NW 36th Ave
Closes soon ⋅ 5 PM ⋅ Opens 9 AM Fri · +1 305-209-5230",,+1 305-209-5230
Gravity Real Estate | Top Miami Realtors,5.0,,5.0(40),"Real estate agency ·  · 1390 S Dixie Hwy Suite 2218
Open 24 hours · +1 305-726-2100",,+1 305-726-2100
Mayell Real Estate Miami,5.0,,5.0(20),"Real estate agency ·  · 78 SW 7th St Fl 4
Open 24 hours · +1 929-220-2068",,+1 929-220-2068
Manhattan Miami Real Estate LLC,5.0,,5.0(2),"Real estate agency ·  · 1688 Meridian Ave
Open ⋅ Closes 7 PM · +1 305-296-8885",,+1 305-296-8885
Bienvenidos A Florida,4.4,,4.4(5),Real estate agency ·  · 717 Ponce de Leon #228a,,
Andrew Tripodi / The Miami Dream Team / Keyes,4.3,,4.3(11),"Real estate agent ·  · 8745 SW 136th St
Open ⋅ Closes 9 PM · +1 305-779-1668",,+1 305-779-1668
Florida Lux Real Estate - Miami Condos Homes For Sale,5.0,,5.0(1),"Real estate agent ·  · 92 SW 3rd St
Open 24 hours · +1 786-370-8570",,+1 786-370-8570
Miami Real Estate Agency,5.0,,5.0(1),"Real estate agency ·  · 930 Washington Ave SUITE 203
Closed ⋅ Opens 8 AM Fri · +1 786-322-8399",,+1 786-322-8399
"Florida East Coast Realty, LLC",3.0,,3.0(12),"Real estate developer ·  · 1101 Brickell Ave Suite N-1700
Closes soon ⋅ 5:30 PM ⋅ Opens 8:30 AM Fri · +1 305-358-7710",,+1 305-358-7710
WIRE Miami | New York Waterfront Investment Real Estate,3.0,,3.0(6),"Real estate agency ·  · 1902 SW 22nd St #300
Closes soon ⋅ 6 PM ⋅ Opens 9 AM Fri · +1 305-321-7655",,+1 305-321-7655
"JMC Real Estate Miami, Jorge Martinez de Castro, Licensed Real Estate Broker",5.0,,5.0(36),"Real estate agency ·  · 9100 S Dadeland Blvd suite 1500
Closed ⋅ Opens 9 AM Fri · +1 305-510-5589",,+1 305-510-5589
Living in Miami Florida,5.0,,5.0(15),"Real estate agency
Open 24 hours · +1 954-699-7138",,+1 954-699-7138
"Miami Real Estate Global, Inc.",5.0,,5.0(1),"Real estate agency ·  · 10530 NW 26th St #102
Open ⋅ Closes 9 PM · +1 786-287-4843",,+1 786-287-4843
APEX Capital Realty,5.0,,5.0(190),"Commercial real estate agency ·  · 561 NE 79th St Suite 420
Closes soon ⋅ 6 PM ⋅ Opens 9 AM Fri · +1 305-570-2600",,+1 305-570-2600
Miami Dreams Realty Inc.,3.7,,3.7(19),"Real estate agency · 227 9th St
Open 24 hours · +1 786-356-4153",,+1 786-356-4153
Canvas Real Estate - Miami,4.6,,4.6(9),"Real estate agency ·  · 2125 Biscayne Blvd Suite 266
Closed ⋅ Opens 9 AM Fri · +1 954-332-7121",,+1 954-332-7121
Luxury Real Estate | Miami | Jenny Gonzalez,5.0,,5.0(1),"Real estate agency ·  · 625 Brickell Key Dr
+1 786-486-1617",,+1 786-486-1617
Trust Properties Florida,4.7,,4.7(31),"Real estate agency ·  · 2525 Ponce de Leon Suit 300
+1 305-803-1309",,+1 305-803-1309
Cervera Real Estate | South Beach | Miami Beach,4.1,,4.1(9),"Real estate agency ·  · 1000 South Pointe Dr #100
Closes soon ⋅ 6 PM ⋅ Opens 9 AM Fri · +1 305-604-0565",,+1 305-604-0565
Premium Estates Realty Corp,4.9,,4.9(50),"Real estate agency ·  · 1500 NW 89th Ct Ste 115
Closes soon ⋅ 6 PM ⋅ Opens 9 AM Fri · +1 786-326-8843",,+1 786-326-8843
Grass|Tamayo Real Estate Group,4.8,,4.8(16),"Real estate agency ·  · 12900 SW 128th St 204 a
Open 24 hours · +1 305-298-8327",,+1 305-298-8327
Palmer Property Group,5.0,,5.0(11),"Commercial real estate agency ·  · 1001 Brickell Bay Dr #2700
Closes soon ⋅ 6 PM ⋅ Opens 9 AM Fri · +1 305-741-3056",,+1 305-741-3056
LoKation Real Estate,3.0,,3.0(4),"Real estate agency ·  · 1900 N Bayshore Dr Suite 120
Closed ⋅ Opens 8:30 AM Fri · +1 305-420-6613",,+1 305-420-6613
Jill Penman Group at ONE Sotheby's International Realty,4.6,,4.6(10),"Estate agent · 3560 Main Highway
Open ⋅ Closes 9 pm · (305) 807-9199",,(305) 807-9199
Host And Keep,4.8,,4.8(445),"Holiday home letting agency · 234 Northeast 3rd Street
Closes soon ⋅ 6 pm ⋅ Opens 9 am Fri · (305) 912-9073",,(305) 912-9073
Miami Realty Solution Group,4.9,,4.9(186),"Real estate agency ·  · 90 SW 3rd St CU3
Open ⋅ Closes 6:30 pm · +1 305-728-0840",,+1 305-728-0840
Real Brokers Miami – Real Estate Broker & Concierge,5.0,,5.0(42),"Real estate agent ·  · 601 Brickell Key Dr #700
Open ⋅ Closes 7 pm · +1 305-423-9551",,+1 305-423-9551
The 305 Agency | Real Estate | Miami,5.0,,5.0(22),"Real estate agency ·  · 910 West Ave
Open 24 hours · +1 305-713-9891",,+1 305-713-9891
Properties Miami,4.7,,4.7(40),"Real estate agency · 637 SW 3rd St APT 306
Open ⋅ Closes 10 pm · +1 786-505-4939",,+1 786-505-4939
LG Realty Group Inc. Miami Luxury Real Estate,4.9,,4.9(33),"Real estate agency ·  · 3250 NE 1st Ave Unit 305
Open ⋅ Closes 7 pm · +1 305-890-6226",,+1 305-890-6226
Rina Rodriguez | Real Estate Agent | Miami | Buy • Sell • Rent • Invest | Bilingual: English & Spanish,4.8,,4.8(41),"Real estate agent ·  · 800 Brickell Ave Suite 525
Open 24 hours · +1 305-440-7407",,+1 305-440-7407
Lauren Hershey - CRR REALTY,4.8,,4.8(45),"Real estate agent ·  · 1200 Brickell Ave Suite #700
Open ⋅ Closes 7 pm · +1 708-539-9319",,+1 708-539-9319
Sean Fitzgerald - Miami Real Estate Agent,5.0,,5.0(27),"Real estate agent ·  · 45 SW 9th St
Open 24 hours · +1 716-517-6064",,+1 716-517-6064
Jose Fuentes Real Estate Broker Fortune Christie's International,4.9,,4.9(63),"Real estate agent ·  · 1390 Brickell Ave #104
Open 24 hours · +1 786-439-6764",,+1 786-439-6764
Diana Tello Miami Real Estate Agent,5.0,,5.0(12),"Real estate agent ·  · 951 Brickell Ave
Open ⋅ Closes 7 pm · +1 919-200-5027",,+1 919-200-5027
"First Class Real Estate, LLC",4.8,,4.8(95),"Real estate agency ·  · 12944 W Dixie Hwy
Open ⋅ Closes 10 pm · +1 305-433-5686",,+1 305-433-5686
"Sebastian Acosta, Realtor in Miami ️",5.0,,5.0(55),"Real estate agent ·  · 800 Brickell Ave Suite 525
Open ⋅ Closes 7 pm · +1 305-244-6222",,+1 305-244-6222
Tatiana Costa P.A. | #CostaGroup,5.0,,5.0(27),"Real estate agent ·  · Fortune Christie’s International Real Estate, 1390 Brickell Ave #104
Open 24 hours · +1 305-733-8990",,+1 305-733-8990
Sorymar Castillo | Your Favorite Miami Realtor,5.0,,5.0(46),"Real estate agent ·  · 999 Brickell Ave Ste. 840
Open ⋅ Closes 10 pm · +1 786-818-2081",,+1 786-818-2081
DREAM LAND GROUP REAL ESTATE,4.9,,4.9(61),"Real estate agency ·  · 1100 Brickell Bay Dr
Open 24 hours · +1 305-417-5859",,+1 305-417-5859
Florida New Dream Corp | Real Estate Agency in North Miami,4.9,,4.9(36),"Real estate agency ·  · 12955 Biscayne Blvd Ste 410-4
Closed ⋅ Opens 9 am Fri · +1 786-762-4249",,+1 786-762-4249
"Natalie Mery, Miami Real Estate Agent",5.0,,5.0(28),"Real estate agent ·  · 398 NE 5th St 13th Floor
Open ⋅ Closes 6:30 pm · +1 305-905-9027",,+1 305-905-9027
Deconova Real Estate Brickell Miami FL,4.9,,4.9(35),"Real estate agency ·  · 1000 Brickell Ave SUITE 2D-200
Open ⋅ Closes 5 am Fri · +1 786-581-3100",,+1 786-581-3100
Avanti Way Realty Brickell,4.7,,4.7(155),"Real estate agency ·  · 444 Brickell Ave Office P32
Closes soon ⋅ 6 pm ⋅ Opens 9 am Fri · +1 305-733-9741",,+1 305-733-9741
Miami Real Estate - Jack Coden Group,4.9,,4.9(38),"Real estate agency ·  · 700 NE 90th St
Open 24 hours · +1 305-742-5225",,+1 305-742-5225
Jill Penman Group at ONE Sotheby's International Realty,4.6,,4.6(10),"Real estate agent · 3560 Main Highway
Open ⋅ Closes 9 PM · (305) 807-9199",,(305) 807-9199
Gallo Travel Agency,4.6,,4.6(352),"Travel agency · 7214 SW 8th St
Closes soon ⋅ 6 PM ⋅ Opens 10 AM Fri · +1 786-762-2630",,+1 786-762-2630
Sorymar Castillo | Your Favorite Miami Realtor,5.0,,5.0(46),"Real estate agent ·  · 999 Brickell Ave Ste. 840
Open ⋅ Closes 10 PM · +1 786-818-2081",,+1 786-818-2081
Diana Tello Miami Real Estate Agent,5.0,,5.0(12),"Real estate agent ·  · 951 Brickell Ave
Open ⋅ Closes 7 PM · +1 919-200-5027",,+1 919-200-5027
Abner Realty,4.9,,4.9(79),"Real estate agency ·  · 690 SW 1st Ct
Closes soon ⋅ 6 PM ⋅ Opens 8 AM Fri · +1 305-222-7513",,+1 305-222-7513
DREAM LAND GROUP REAL ESTATE,4.9,,4.9(61),"Real estate agency ·  · 1100 Brickell Bay Dr
Open 24 hours · +1 305-417-5859",,+1 305-417-5859
Blackbook Properties,4.9,,4.9(209),"Real estate agency ·  · 1900 N Bayshore Dr Suite 1A #103
Open 24 hours · +1 786-400-2296",,+1 786-400-2296
Guillermo Teran Group Real Estate,5.0,,5.0(127),"Real estate agent ·  · 444 Brickell Ave Office P32
Open ⋅ Closes 8 PM · +1 305-457-9609",,+1 305-457-9609
Eric Farmelant - COMPASS,5.0,,5.0(105),"Real estate agent ·  · 2550 S Bayshore Dr STE 106
Open ⋅ Closes 9 PM · +1 954-850-3905",,+1 954-850-3905
Aleksandra Marzec,4.9,,4.9(81),"Real estate agent ·  · 1221 Brickell Ave Suite 900
Open 24 hours · +1 305-760-9121",,+1 305-760-9121
Miami Real Estate Agent & Coach | Hans Waisfeld,5.0,,5.0(66),"Industrial real estate agency ·  · 920 Bay Dr apt 8
Open ⋅ Closes 7 PM · +1 305-497-2352",,+1 305-497-2352
Miami Real Estate - Jack Coden Group,4.9,,4.9(38),"Real estate agency ·  · 700 NE 90th St
Open 24 hours · +1 305-742-5225",,+1 305-742-5225
"Pilar Saravia, Best Miami Realtor",5.0,,5.0(65),"Real estate agency ·  · 7381 SW 34th Terrace
Open 24 hours · +1 305-205-7379",,+1 305-205-7379
NB Elite Realty LLC,4.9,,4.9(17),"Real estate agency ·  · 1101 Brickell Ave
Closes soon ⋅ 5:30 PM ⋅ Opens 9 AM Fri · +1 844-444-6237",,+1 844-444-6237
Carlton International Real Estate,5.0,,5.0(14),"Real estate agency ·  · 333 SE 2nd Ave STE 2000
Open ⋅ Closes 6:30 PM · +1 305-735-1221",,+1 305-735-1221
Midtown Miami Now,4.8,,4.8(30),"Real estate agency ·  · 3250 NE 1st Ave Unit 305
Open ⋅ Closes 7 PM · +1 305-890-6226",,+1 305-890-6226
Midtown Miami Realty,5.0,,5.0(60),"Real estate agent ·  · 121 NE 34th St
Open ⋅ Closes 9 PM · +1 305-302-4941",,+1 305-302-4941
Julia Grollier - Realtor Miami Florida,4.9,,4.9(44),"Real estate agent ·  · 325 S Biscayne Blvd #200
Closes soon ⋅ 6 PM ⋅ Opens 9 AM Fri · +1 321-732-1557",,+1 321-732-1557
Riley Smith Group | Best Miami Realtors,4.8,,4.8(28),"Real estate agency ·  · 2550 S Bayshore Dr STE 106
Open 24 hours · +1 305-342-1623",,+1 305-342-1623
AMG International Realty,5.0,,5.0(108),"Real estate agency ·  · 2420 Miami Gardens Dr Suite 203
Closes soon ⋅ 6 PM ⋅ Opens 9 AM Fri · +1 305-761-2655",,+1 305-761-2655
The World Realty,5.0,,5.0(30),"Real estate agency ·  · 1221 Brickell Ave Suite 900
Open 24 hours · +1 305-760-9121",,+1 305-760-9121
Florida New Dream Corp | Real Estate Agency in North Miami,4.9,,4.9(36),"Real estate agency ·  · 12955 Biscayne Blvd Ste 410-4
Closed ⋅ Opens 9 AM Fri · +1 786-762-4249",,+1 786-762-4249
"Natalie Mery, Miami Real Estate Agent",5.0,,5.0(28),"Real estate agent ·  · 398 NE 5th St 13th Floor
Open ⋅ Closes 6:30 PM · +1 305-905-9027",,+1 305-905-9027
"Abraham Ash, Realtor",5.0,,5.0(61),"Real estate agent ·  · 495 Brickell Ave # 521
Open ⋅ Closes 9 PM · +1 305-586-9734",,+1 305-586-9734
"Jonathan Quintana, P.A",5.0,,5.0(109),"Real estate agent ·  · 3252 SW 2nd St
Open ⋅ Closes 7 PM · +1 305-801-1893",,+1 305-801-1893
Alexandra Sierra - Miami Real Estate,5.0,,5.0(94),"Real estate agent ·  · 2550 S Bayshore Dr
Closed ⋅ Opens 9 AM Fri · +1 305-281-0175",,+1 305-281-0175
Miami Realtor Services | Jocsan Lopez,5.0,,5.0(29),"Real estate agency ·  · 5555 Biscayne Blvd # 302
Open ⋅ Closes 8 PM · +1 786-326-1198",,+1 786-326-1198
The Space Brokers,4.9,,4.9(22),"Real estate agency ·  · 333 SE 2nd Ave STE 2000
Open ⋅ Closes 7 PM · +1 305-646-9653",,+1 305-646-9653
Elizabeth Mesa - Miami Realtor,4.9,,4.9(33),"Real estate agent ·  · 800 Brickell Ave Suite 525
Open 24 hours · +1 305-804-1549",,+1 305-804-1549
Stefania Mogollon,5.0,,5.0(82),"Real estate agent ·  · 79 SW 12th St APT 1706
Open ⋅ Closes 7 PM · +1 305-306-7205",,+1 305-306-7205
Matt Lill - Luxury Real Estate Agent - Corcoran Miami Beach - South Florida Expert,5.0,,5.0(50),"Real estate agent ·  · 1688 Meridian Ave Ste 400
Open ⋅ Closes 9 PM · +1 786-769-5025",,+1 786-769-5025
COSMORE - Real Estate Agency,4.7,,4.7(24),"Real estate agency ·  · 1200 Brickell Ave #250
Closes soon ⋅ 6 PM ⋅ Opens 8 AM Fri · +1 786-536-2344",,+1 786-536-2344
Miami Real Estate Agency,5.0,,5.0(1),"Real estate agency ·  · 930 Washington Ave SUITE 203
Closed ⋅ Opens 8 AM Fri · +1 786-322-8399",,+1 786-322-8399
Marcelo Steinmander P.A | Miami Beach Real Estate Agent,5.0,,5.0(45),"Real estate agent ·  · 419 Arthur Godfrey Rd
Closed ⋅ Opens 9 AM Fri · +1 305-674-4127",,+1 305-674-4127
"Charter Club Realty, Inc.",5.0,,5.0(65),"Real estate agency ·  · 600 NE 36th St STE C2
Open 24 hours · +1 305-576-6252",,+1 305-576-6252
Miami Condo Investments,4.9,,4.9(302),"Real estate agency ·  · 851 NE 1st Ave #3011
Open ⋅ Closes 7 PM · +1 305-428-3860",,+1 305-428-3860
Mauro Silva PA Miami - Fort Lauderdale Realtor,5.0,,5.0(93),"Real estate agent ·  · 1354 Washington Ave
Open ⋅ Closes 9 PM · +1 786-326-7378",,+1 786-326-7378
EXCLUSIVE PREMIER REALTY,5.0,,5.0(10),"Real estate agency ·  · 1250 SW 27th Ave # 301
Closes soon ⋅ 6 PM ⋅ Opens 9 AM Fri · +1 800-288-5791",,+1 800-288-5791
"John and Ana Salt, The Salt Group - Real Estate Miami",5.0,,5.0(83),"Real estate agent ·  · 710 NE 126th St
Closes soon ⋅ 6 PM ⋅ Opens 8 AM Fri · +1 305-890-6003",,+1 305-890-6003
Marjorie Galeano - Nest Seekers International,5.0,,5.0(19),"Real estate agent ·  · 888 Biscayne Blvd
Open 24 hours · +1 347-982-6628",,+1 347-982-6628
Nelson Gonzalez | Miami Beach Luxury Real Estate,5.0,,5.0(21),"Real estate consultant ·  · 419 Arthur Godfrey Rd
Open ⋅ Closes 7 PM · +1 305-674-4040",,+1 305-674-4040
"Anthony Spitaleri, Miami, Florida Realtor",5.0,,5.0(20),"Real estate agent ·  · 420 Lincoln Rd
Open ⋅ Closes 9 PM · +1 954-235-5783",,+1 954-235-5783
The Jills Zeder Group Miami,5.0,,5.0(20),"Real estate agency ·  · 4000 Ponce de Leon Suite 700
Closes soon ⋅ 6 PM ⋅ Opens 9 AM Fri · +1 305-722-5721",,+1 305-722-5721
Alex Rojas - Keller Williams Real Estate Agent,5.0,,5.0(41),"Real estate agent ·  · 2384 SW 4th St
Closes soon ⋅ 6 PM ⋅ Opens 8 AM Fri · +1 786-558-6150",,+1 786-558-6150
Monteiro International Realty Corp.,4.8,,4.8(29),"Real estate agency ·  · 1110 Brickell Ave STE 404
Closed ⋅ Opens 9 AM Fri · +1 305-385-6693",,+1 305-385-6693
Jessica Bazan - Miami Real Estate,5.0,,5.0(12),"Real estate consultant ·  · 700 NE 90th St
Open ⋅ Closes 7 PM · +1 786-213-5333",,+1 786-213-5333
Terry & Terry Co. Condo Rentals + Real Estate Services,4.7,,4.7(25),"Condominium rental agency ·  · 150 SE 2nd Ave Ste 300
Open 24 hours · +1 305-907-7028",,+1 305-907-7028
Ancona Real Estate Inc.,4.9,,4.9(77),"Real estate agency ·  · 1666 John F Kennedy Causeway #200
Open ⋅ Closes 8 PM · +1 305-456-8718",,+1 305-456-8718
"Miami Capstone Realty, Inc.",5.0,,5.0(22),"Real estate agency ·  · 555 NE 15th St TH5
Open ⋅ Closes 7 PM · +1 516-448-7097",,+1 516-448-7097
Jenny Serra Realtor,4.9,,4.9(37),"Real estate agent · 601 Brickell Key Dr #700
Open 24 hours · +1 305-979-1851",,+1 305-979-1851
"Milton Andrade, REALTOR - Compass",5.0,,5.0(45),"Real estate agent ·  · 1655 SW 18th St
Open ⋅ Closes 7 PM · +1 785-530-3942",,+1 785-530-3942
"Marina Arguello, Real Estate Agent",5.0,,5.0(17),"Real estate agent · 7115 Rue Notre Dame
Closes soon ⋅ 6 PM ⋅ Opens 9 AM Fri · +1 786-223-1736",,+1 786-223-1736
Dayanne Costa | Real Estate Sales Agent Advisor | Miami & New York,5.0,,5.0(19),"Real estate agent ·  · 2550 S Bayshore Dr STE 106
Open ⋅ Closes 10 PM · +1 646-598-3588",,+1 646-598-3588
The Branco Team - Miami Realtors,5.0,,5.0(40),"Real estate agent ·  · 2125 Biscayne Blvd Suite 348
Open 24 hours · +1 305-407-5351",,+1 305-407-5351
David Freed Realtor | Miami Is Home | Keller Williams Realty,5.0,,5.0(122),"Real estate agent ·  · 45 SW 9th St Apt 3006
Open 24 hours · +1 954-263-8115",,+1 954-263-8115
"Louis Urbina, PA - Realtor Associate at Avanti Way Realty in Miami, FL",5.0,,5.0(57),"Real estate agency ·  · 444 Brickell Ave P32
Open 24 hours · +1 786-355-7423",,+1 786-355-7423
Real Estate Agent | Wilson Garces,5.0,,5.0(14),"Real estate consultant ·  · 1010 SW 2nd Ave
Open ⋅ Closes 7:30 PM · +1 305-303-1844",,+1 305-303-1844
Ernie Fraga - EXP Realty - Miami Real Estate,5.0,,5.0(11),"Real estate agent · 6300 Waterford District Dr
Open ⋅ Closes 8 PM · +1 305-546-8996",,+1 305-546-8996
LaFrance Louis Realty,5.0,,5.0(141),"Real estate agency ·  · 1221 Brickell Ave Brickell, Suite 900
Open 24 hours · +1 954-882-6478",,+1 954-882-6478
Lorena De Oliveira - Miami Realtor & Insurance Agent,5.0,,5.0(11),"Real estate agent ·  · 40 SW 13th St #703
Closes soon ⋅ 6 PM ⋅ Opens 9 AM Fri · +1 786-253-6478",,+1 786-253-6478
Gravity Real Estate | Top Miami Realtors,5.0,,5.0(40),"Real estate agent ·  · 1390 S Dixie Hwy Suite 2218
Open 24 hours · +1 305-726-2100",,+1 305-726-2100
Bethany Martinez PA,5.0,,5.0(19),"Real estate agency ·  · 350 NE 24th St #103
Open ⋅ Closes 10 PM · +1 786-329-9021",,+1 786-329-9021
Miami Real Estate Broker-Claudia Gonzalez,4.5,,4.5(11),"Real estate agent ·  · 3059 Grand Ave
Open 24 hours · +1 305-244-3254",,+1 305-244-3254
Alex Larmier I Miami Real Estate,5.0,,5.0(45),"Real estate agent ·  · 2550 S Bayshore Dr STE 106
Open ⋅ Closes 7 PM · +1 786-301-5357",,+1 786-301-5357
Elite Ocean View Realty,4.9,,4.9(56),"Real estate agency ·  · 210 71st St suite 305
Closed ⋅ Opens 8 AM Fri · +1 305-600-1278",,+1 305-600-1278
Gomez Realty Group,4.8,,4.8(23),"Real estate agency ·  · 1900 N Bayshore Dr Suite 1A #142
Open ⋅ Closes 7 PM · +1 305-305-5678",,+1 305-305-5678
Liz Hogan Group,5.0,,5.0(13),"Real estate agent ·  · 2550 S Bayshore Dr STE 106
Open 24 hours · +1 305-804-9700",,+1 305-804-9700
FA Commercial,5.0,,5.0(9),"Commercial real estate agency ·  · 1390 Brickell Ave #104
Closes soon ⋅ 6 PM ⋅ Opens 9 AM Fri · +1 786-262-3771",,+1 786-262-3771
Tina Hyde Miami Realty,4.8,,4.8(21),"Real estate agency ·  · 150 SE 2nd Ave 3rd floor
Closed ⋅ Opens 9 AM Fri",,
ELENA GIULIANO MIAMI,4.3,,4.3(27),"Real estate agent ·  · 1100 S Miami Ave
Closed ⋅ Opens 9 AM Fri · +1 305-748-1437",,+1 305-748-1437
Juan Carlos Romero - Miami Realtor,5.0,,5.0(34),"Real estate agent ·  · 1000 Brickell Ave #200
Open ⋅ Closes 7 PM · +1 305-903-0728",,+1 305-903-0728
Trident Real Estate & Trident Management,4.5,,4.5(411),"Real estate agency · 800 West Ave C1
Closed ⋅ Opens 9 AM Fri · +1 305-535-7599",,+1 305-535-7599
Miami Real Estate Broker,5.0,,5.0(5),"Real estate agency ·  · 1861 NW S River Dr
Open 24 hours · +1 305-469-8090",,+1 305-469-8090
Catherine Rodstein Real Estate Agent Miami Beach - Luxury Homes & Condos,5.0,,5.0(9),"Real estate agent ·  · 119 Washington Ave
Open ⋅ Closes 7 PM · +1 786-417-9257",,+1 786-417-9257
E&L Insurance,4.9,,4.9(396),"Home insurance agency ·  · 1241 SW 27th Ave
Closed ⋅ Opens 9 AM Fri · +1 305-541-1002",,+1 305-541-1002
London Foster,4.3,,4.3(64),"Real estate agency ·  · 407 Lincoln Rd #10G
Open ⋅ Closes 9 PM · +1 844-566-3663",,+1 844-566-3663
Perfection Travel,4.6,,4.6(302),"Travel agency ·  · 1300 Collins Ave
Open ⋅ Closes 8 PM · +1 305-363-1588",,+1 305-363-1588
Yilena Mendoza | Real Estate 55+ en Miami,5.0,,5.0(28),"Real estate agent ·  · 1700 John F Kennedy Causeway #160
Open 24 hours · +1 786-442-7626",,+1 786-442-7626
Ricky Garcia TopRealEstateFL.com/miami,5.0,,5.0(13),"Real estate agent ·  · 200 Biscayne Blvd Way APT 4703
Open ⋅ Closes 8 PM · +1 305-337-4259",,+1 305-337-4259
Guy Fernandes | Real Estate Broker,5.0,,5.0(39),"Real estate agent ·  · 1600 SW 1st Ave APT 612
Open 24 hours · +1 305-588-9626",,+1 305-588-9626
Rebeca Cruz - Miami Realtor,5.0,,5.0(18),"Real estate agent ·  · 2550 S Bayshore Dr STE 106
Open 24 hours · +1 786-258-6733",,+1 786-258-6733
C21 Dorar Realty,5.0,,5.0(48),"Real estate agency ·  · 7281 Coral Wy
Open now · +1 305-264-6000",,+1 305-264-6000
Miami Waterfront Realty,5.0,,5.0(26),"Real estate agency ·  · 13205 NE 16th Ave
Open ⋅ Closes 10 PM · +1 305-970-2884",,+1 305-970-2884
Aidelys Hernandez - Real Estate Agent,5.0,,5.0(31),"Real estate agent ·  · 1250 SW 27th Ave # 301
Open ⋅ Closes 9 PM · +1 305-501-1618",,+1 305-501-1618
"Douglas Elliman Real Estate Office in South-of-Fifth in Miami Beach, FL",4.0,,4.0(4),"Real estate agency ·  · 120 Ocean Dr Suite 110
Closes soon ⋅ 5:30 PM ⋅ Opens 9 AM Fri · +1 305-695-6075",,+1 305-695-6075
Fortune Real Estate Services,5.0,,5.0(91),"Industrial real estate agency ·  · 801 Brickell Bay Dr APT 1966
Closes soon ⋅ 6 PM ⋅ Opens 8 AM Fri · +1 305-587-4200",,+1 305-587-4200
Alain Oliveros P.A Miami Luxury Real Estate Agent,5.0,,5.0(11),"Real estate agent ·  · 255 Alhambra Cir
Open 24 hours · +1 786-925-0466",,+1 786-925-0466
One Sotheby's International Realty,3.9,,3.9(26),"Real estate agency ·  · 119 Washington Ave Suite 102
Closes soon ⋅ 5:30 PM ⋅ Opens 9 AM Fri · +1 305-538-9711",,+1 305-538-9711
Jennifer Price | Miami's Luxury Real Estate Ambassador,5.0,,5.0(30),"Real estate agent ·  · 550 S Dixie Hwy
Open 24 hours · +1 305-389-1977",,+1 305-389-1977
Paula A. Arias,5.0,,5.0(27),"Real estate agency ·  · 1110 Brickell Ave STE 208
Closed ⋅ Opens 9 AM Fri · +1 305-922-3108",,+1 305-922-3108
Engel & Völkers Miami,3.9,,3.9(7),"Real estate agency ·  · 1717 N Bayshore Dr # 111
Closes soon ⋅ 6 PM ⋅ Opens 10 AM Fri · +1 305-913-5499",,+1 305-913-5499
APEX Capital Realty,5.0,,5.0(190),"Commercial real estate agency ·  · 561 NE 79th St Suite 420
Closes soon ⋅ 6 PM ⋅ Opens 9 AM Fri · +1 305-570-2600",,+1 305-570-2600
REALTOR® | Carlos Gutierrez + Ellen Berkman,5.0,,5.0(50),"Real estate agency ·  · 1682 Jefferson Ave
Open ⋅ Closes 9 PM · +1 305-710-9655",,+1 305-710-9655
Mon Appart à Miami (.com) - Immobilier / Real Estate,4.8,,4.8(12),"Real estate agency ·  · Realty Group of Miami, 90 Alton Rd #104
+1 954-822-8839",,+1 954-822-8839
Rachel Glaser The Real Estate Matchmaker Miami,5.0,,5.0(8),"Real estate agent ·  · 6161 NE 3rd Ave Suit #2
Open ⋅ Closes 8 PM · +1 305-733-9911",,+1 305-733-9911
Adriana Briceno Miami Realtor,5.0,,5.0(13),"Real estate agent ·  · 605 Lincoln Rd 7th Floor
+1 346-332-3869",,+1 346-332-3869
Miami Real Estate - Miamism Real Estate Sales Team,5.0,,5.0(9),"Real estate agency ·  · 15805 Biscayne Blvd Suite 307
Open ⋅ Closes 8 PM · +1 305-758-2323",,+1 305-758-2323
Flat Fee Florida Realty,5.0,,5.0(42),"Real estate agency ·  · 1801 NE 123rd St Suit 314
Open ⋅ Closes 7 PM · +1 305-305-7872",,+1 305-305-7872
Belhouse Real Estate LLC,4.5,,4.5(8),"Real estate agency ·  · Infinity, 40 SW 13th St suite # 701
Closes soon ⋅ 6 PM ⋅ Opens 8 AM Fri · +1 305-921-9789",,+1 305-921-9789
Taylana Izrailov-Top Realtor-Luxury Real Estate Miami Florida,5.0,,5.0(119),"Real estate consultant ·  · 323 Sunny Isles Blvd #700
Open ⋅ Closes 6:30 PM · +1 347-233-7872",,+1 347-233-7872
Howard Chase Real Estate,4.1,,4.1(43),"Real estate agency ·  · 1354 Washington Ave
Open 24 hours · +1 305-532-7470",,+1 305-532-7470
